{
  "best_epsilon": -40.0,
  "method": "find_stationary",
  "V0_estimate": 13689.921875,
  "z_star": [
    33.00000000000082,
    29.000000000000302,
    33.00000000000055,
    33.000000000000036,
    32.9999999999997,
    17.999999999999588,
    17.999999999999375,
    18.00000000000107,
    23.99999999999879,
    18.000000000000046,
    17.99999999999907,
    18.000000000000163
  ],
  "instance_name": "12D_CaseLHH",
  "z_star_int": [
    33,
    29,
    33,
    33,
    33,
    18,
    18,
    18,
    24,
    18,
    18,
    18
  ],
  "training_time_seconds": 8883.914844961,
  "benchmark_source": "QS",
  "hyperparameters": {
    "lambda_rate": 1.4008714728527136,
    "T_horizon": 0.1,
    "nu_radius": 0.1,
    "beta_final": 1.0e6,
    "cost_scaling": 0.1,
    "alpha_factor": 0.0
  },
  "best_cost": 15546.62438047602,
  "timestamp": "2026-04-24T12:51:03.986",
  "best_std_error": 29.796824895317254
}