{
  "best_epsilon": -40.0,
  "method": "find_stationary",
  "V0_estimate": 10534.139404296875,
  "z_star": [
    27.0,
    24.0,
    27.0,
    27.0,
    27.0,
    14.0,
    14.0,
    14.0,
    19.0,
    14.0,
    14.0,
    14.0
  ],
  "instance_name": "12D_CaseMHL",
  "z_star_int": [
    27,
    24,
    27,
    27,
    27,
    14,
    14,
    14,
    19,
    14,
    14,
    14
  ],
  "training_time_seconds": 8896.660799418,
  "benchmark_source": "QS",
  "hyperparameters": {
    "lambda_rate": 1.3704961103889612,
    "T_horizon": 0.1,
    "nu_radius": 0.4,
    "beta_final": 1.0e6,
    "cost_scaling": 0.1,
    "alpha_factor": 0.2
  },
  "best_cost": 16328.544518339919,
  "timestamp": "2026-04-24T22:48:40.312",
  "best_std_error": 114.4481848233497
}