{
  "best_epsilon": -100.0,
  "method": "solve_inf",
  "V0_estimate": 3762.8524780273438,
  "z_star": [
    11.25,
    11.25,
    11.25,
    11.25,
    6.75,
    7.054359997765192,
    7.5,
    6.961877933775874,
    8.75,
    7.5,
    7.5,
    7.5
  ],
  "instance_name": "12D_CaseHML",
  "z_star_int": [
    11,
    11,
    11,
    11,
    7,
    7,
    8,
    7,
    9,
    8,
    8,
    8
  ],
  "training_time_seconds": 8913.593096462,
  "benchmark_source": "QS",
  "hyperparameters": {
    "lambda_rate": 2.972664413558644,
    "T_horizon": 0.05,
    "nu_radius": 0.8,
    "beta_final": 1.0e7,
    "cost_scaling": 0.1,
    "alpha_factor": 0.4
  },
  "best_cost": 15195.16392366934,
  "timestamp": "2026-05-10T17:59:10.062",
  "best_std_error": 110.01421816292577
}