{
  "best_epsilon": -20.0,
  "method": "find_stationary",
  "V0_estimate": 1166.73828125,
  "z_star": [
    11.999999999983787,
    10.999999999946919,
    11.999999999973827,
    11.999999999969017,
    11.999999999956966,
    8.999999999983274,
    8.999999999960348,
    8.999999999962569,
    9.999999999982844,
    9.000000000002144,
    8.999999999988196,
    8.999999999958176
  ],
  "instance_name": "12D_CaseHLM",
  "z_star_int": [
    12,
    11,
    12,
    12,
    12,
    9,
    9,
    9,
    10,
    9,
    9,
    9
  ],
  "training_time_seconds": 8906.444771704,
  "benchmark_source": "can_order",
  "hyperparameters": {
    "lambda_rate": 8.985816818318169,
    "T_horizon": 0.05,
    "nu_radius": 0.8,
    "beta_final": 1.0e6,
    "cost_scaling": 0.1,
    "alpha_factor": 0.2
  },
  "best_cost": 13096.687772023297,
  "timestamp": "2026-04-26T03:27:51.491",
  "best_std_error": 176.0174955145898
}