{
  "best_epsilon": -1.25,
  "method": "solve_inf",
  "V0_estimate": 32745.089721679688,
  "z_star": [
    18.0,
    18.0,
    18.0,
    18.0,
    18.0,
    18.0,
    18.0,
    18.0,
    18.0,
    18.0,
    18.0,
    18.0,
    18.0,
    18.0,
    18.0,
    10.0,
    10.0,
    10.0,
    10.0,
    10.0,
    10.0,
    10.0,
    10.0,
    10.0,
    10.0,
    10.0,
    10.0,
    10.0,
    10.0,
    10.0,
    6.0,
    6.0,
    6.0,
    6.0,
    6.0,
    6.0,
    6.0,
    6.0,
    6.0,
    6.0,
    6.0,
    6.0,
    6.0,
    6.0,
    6.0,
    6.0,
    6.0,
    6.0,
    6.0,
    6.0
  ],
  "instance_name": "50D_CaseLM",
  "z_star_int": [
    18,
    18,
    18,
    18,
    18,
    18,
    18,
    18,
    18,
    18,
    18,
    18,
    18,
    18,
    18,
    10,
    10,
    10,
    10,
    10,
    10,
    10,
    10,
    10,
    10,
    10,
    10,
    10,
    10,
    10,
    6,
    6,
    6,
    6,
    6,
    6,
    6,
    6,
    6,
    6,
    6,
    6,
    6,
    6,
    6,
    6,
    6,
    6,
    6,
    6
  ],
  "training_time_seconds": 13599.533136327,
  "benchmark_source": "QS",
  "hyperparameters": {
    "lambda_rate": 3.205862653734628,
    "T_horizon": 0.05,
    "nu_radius": 0.4,
    "beta_final": 100000.0,
    "cost_scaling": 0.01,
    "alpha_factor": 0.0
  },
  "best_cost": 30216.518723252346,
  "timestamp": "2026-04-27T17:21:48.640",
  "best_std_error": 31.201176020931538
}