{
  "best_epsilon": -30.0,
  "method": "find_stationary",
  "V0_estimate": 14136.91162109375,
  "z_star": [
    32.0,
    29.0,
    32.0,
    32.0,
    32.0,
    22.0,
    22.0,
    22.0,
    26.0,
    22.0,
    22.0,
    22.0
  ],
  "instance_name": "12D_CaseMMH",
  "z_star_int": [
    32,
    29,
    32,
    32,
    32,
    22,
    22,
    22,
    26,
    22,
    22,
    22
  ],
  "training_time_seconds": 8906.992876776,
  "benchmark_source": "can_order",
  "hyperparameters": {
    "lambda_rate": 2.64710104989501,
    "T_horizon": 0.1,
    "nu_radius": 0.8,
    "beta_final": 1.0e6,
    "cost_scaling": 0.1,
    "alpha_factor": 0.4
  },
  "best_cost": 17368.382928035946,
  "timestamp": "2026-04-24T23:10:56.044",
  "best_std_error": 155.83894456024237
}