{
  "best_epsilon": -75.0,
  "method": "find_stationary",
  "V0_estimate": -23880.2978515625,
  "z_star": [
    40.0,
    38.0,
    40.0,
    40.0,
    40.0,
    30.0,
    30.0,
    30.0,
    35.0,
    30.0,
    30.0,
    30.0
  ],
  "instance_name": "12D_CaseHHM",
  "z_star_int": [
    40,
    38,
    40,
    40,
    40,
    30,
    30,
    30,
    35,
    30,
    30,
    30
  ],
  "training_time_seconds": 8876.787895441,
  "benchmark_source": "can_order",
  "hyperparameters": {
    "lambda_rate": 2.7885503049695037,
    "T_horizon": 0.1,
    "nu_radius": 0.1,
    "beta_final": 1.0e6,
    "cost_scaling": 0.1,
    "alpha_factor": 0.2
  },
  "best_cost": 26946.537832579575,
  "timestamp": "2026-04-26T09:07:32.953",
  "best_std_error": 213.35556189036677
}