{
  "best_epsilon": -20.0,
  "method": "solve_inf",
  "V0_estimate": 1350.9589195251465,
  "z_star": [
    28.68687178955206,
    30.0,
    19.076674816671673,
    28.012623585593225,
    23.70308786567832,
    22.786440496811366,
    22.641092620312058,
    27.85943432514069,
    26.224380174458098,
    17.019455527103187,
    19.583183508805465,
    24.37468734965438,
    25.135969848106292,
    25.352794695322856,
    28.48397104647052,
    14.729343133937277,
    13.46671667103851,
    18.0,
    18.0,
    18.0,
    18.0,
    18.0,
    18.0,
    17.72891686358875,
    17.22979103981427,
    18.0,
    14.720992178004078,
    18.0,
    18.0,
    18.0,
    10.5,
    10.5,
    10.5,
    10.5,
    10.5,
    10.5,
    10.5,
    10.5,
    10.5,
    10.5,
    10.5,
    10.5,
    10.5,
    10.5,
    10.5,
    10.5,
    10.5,
    10.5,
    10.5,
    10.5
  ],
  "instance_name": "50D_CaseHM",
  "z_star_int": [
    29,
    30,
    19,
    28,
    24,
    23,
    23,
    28,
    26,
    17,
    20,
    24,
    25,
    25,
    28,
    15,
    13,
    18,
    18,
    18,
    18,
    18,
    18,
    18,
    17,
    18,
    15,
    18,
    18,
    18,
    10,
    10,
    10,
    10,
    10,
    10,
    10,
    10,
    10,
    10,
    10,
    10,
    10,
    10,
    10,
    10,
    10,
    10,
    10,
    10
  ],
  "training_time_seconds": 13611.164674735,
  "benchmark_source": "QS",
  "hyperparameters": {
    "lambda_rate": 8.446313568643136,
    "T_horizon": 0.2,
    "nu_radius": 0.2,
    "beta_final": 1.0e6,
    "cost_scaling": 0.01,
    "alpha_factor": 0.0
  },
  "best_cost": 72787.94477790917,
  "timestamp": "2026-04-30T00:46:39.270",
  "best_std_error": 447.36848581537697
}