{
  "best_epsilon": -25.0,
  "method": "find_stationary",
  "V0_estimate": 15373.946533203125,
  "z_star": [
    32.0,
    28.0,
    32.0,
    32.0,
    32.0,
    17.0,
    17.0,
    17.0,
    23.0,
    17.0,
    17.0,
    17.0
  ],
  "instance_name": "12D_CaseLHM",
  "z_star_int": [
    32,
    28,
    32,
    32,
    32,
    17,
    17,
    17,
    23,
    17,
    17,
    17
  ],
  "training_time_seconds": 8818.698139046,
  "benchmark_source": "QS",
  "hyperparameters": {
    "lambda_rate": 1.3513485051494853,
    "T_horizon": 0.1,
    "nu_radius": 1.0,
    "beta_final": 1.0e6,
    "cost_scaling": 0.1,
    "alpha_factor": 0.0
  },
  "best_cost": 15061.730167372583,
  "timestamp": "2026-04-25T01:29:53.787",
  "best_std_error": 38.33498926214439
}