{
  "best_epsilon": -30.0,
  "method": "find_stationary",
  "V0_estimate": 12895.496826171875,
  "z_star": [
    38.0,
    34.0,
    38.0,
    38.0,
    38.0,
    20.0,
    20.0,
    20.0,
    28.0,
    20.0,
    20.0,
    20.0
  ],
  "instance_name": "12D_CaseMHM",
  "z_star_int": [
    38,
    34,
    38,
    38,
    38,
    20,
    20,
    20,
    28,
    20,
    20,
    20
  ],
  "training_time_seconds": 8877.835521094,
  "benchmark_source": "QS",
  "hyperparameters": {
    "lambda_rate": 1.6616295570442958,
    "T_horizon": 0.1,
    "nu_radius": 1.0,
    "beta_final": 1.0e6,
    "cost_scaling": 0.1,
    "alpha_factor": 0.4000000000000001
  },
  "best_cost": 20464.524457535874,
  "timestamp": "2026-04-25T07:50:21.684",
  "best_std_error": 153.95829791136805
}