{
  "best_epsilon": -15.0,
  "method": "find_stationary",
  "V0_estimate": -310319.7021484375,
  "z_star": [
    27.0,
    28.0,
    28.0,
    28.0,
    28.0,
    28.0,
    28.0,
    28.0,
    27.0,
    28.0,
    28.0,
    28.0,
    28.0,
    28.0,
    28.0,
    16.0,
    17.0,
    16.0,
    17.0,
    16.0,
    16.0,
    16.0,
    16.0,
    16.0,
    16.0,
    16.0,
    16.0,
    16.0,
    16.0,
    17.0,
    9.0,
    9.0,
    9.0,
    9.0,
    9.0,
    9.0,
    9.0,
    9.0,
    9.0,
    9.0,
    9.0,
    9.0,
    9.0,
    9.0,
    9.0,
    9.0,
    9.0,
    9.0,
    9.0,
    9.0
  ],
  "instance_name": "50D_CaseHH",
  "z_star_int": [
    27,
    28,
    28,
    28,
    28,
    28,
    28,
    28,
    27,
    28,
    28,
    28,
    28,
    28,
    28,
    16,
    17,
    16,
    17,
    16,
    16,
    16,
    16,
    16,
    16,
    16,
    16,
    16,
    16,
    17,
    9,
    9,
    9,
    9,
    9,
    9,
    9,
    9,
    9,
    9,
    9,
    9,
    9,
    9,
    9,
    9,
    9,
    9,
    9,
    9
  ],
  "training_time_seconds": 13631.340810105,
  "benchmark_source": "QS",
  "hyperparameters": {
    "lambda_rate": 5.88094210578942,
    "T_horizon": 0.05,
    "nu_radius": 0.2,
    "beta_final": 100000.0,
    "cost_scaling": 0.01,
    "alpha_factor": 0.0
  },
  "best_cost": 84349.47223881047,
  "timestamp": "2026-04-28T08:07:59.276",
  "best_std_error": 404.1347709185251
}