{
  "best_epsilon": -15.0,
  "method": "find_stationary",
  "V0_estimate": 6378.0828857421875,
  "z_star": [
    7.211887893301859,
    6.875521660194899,
    8.259314536606434,
    5.43630176576009,
    6.506612568196498,
    3.4022034926696008,
    4.734675073606272,
    3.728439456790782,
    5.619214212901326,
    4.2803425158636275,
    3.9098802233470322,
    4.241476240915272
  ],
  "instance_name": "12D_CaseMLL",
  "z_star_int": [
    7,
    7,
    8,
    5,
    7,
    3,
    5,
    4,
    6,
    4,
    4,
    4
  ],
  "training_time_seconds": 8905.770030367,
  "benchmark_source": "QS",
  "hyperparameters": {
    "lambda_rate": 5.744244655534447,
    "T_horizon": 0.1,
    "nu_radius": 0.1,
    "beta_final": 1.0e6,
    "cost_scaling": 0.1,
    "alpha_factor": 0.0
  },
  "best_cost": 8036.568759871569,
  "timestamp": "2026-04-24T12:56:00.509",
  "best_std_error": 57.81829504869883
}