{
  "best_epsilon": -20.0,
  "method": "solve_inf",
  "V0_estimate": 5020.174026489258,
  "z_star": [
    31.3218885519503,
    30.052296641331814,
    33.409682205843275,
    33.14540236618123,
    30.928208710646068,
    32.793506909225826,
    34.03996820392156,
    33.493828819235496,
    31.489399485373184,
    33.369765065120895,
    32.47677538396653,
    34.13541969449263,
    31.00573689784217,
    31.465573418658085,
    32.76136905526309,
    21.26794007805824,
    23.061720534367346,
    23.416694686603968,
    21.703228825918252,
    22.687007704186563,
    20.633710526654255,
    20.92824532083601,
    23.089499426301778,
    20.622177616927658,
    20.523462309094658,
    20.978487479127963,
    22.39825088002786,
    21.745927122269322,
    20.132119063465865,
    21.877364068907102,
    13.5,
    13.5,
    13.5,
    13.5,
    13.5,
    13.5,
    13.5,
    13.5,
    12.504054751712275,
    13.5,
    13.5,
    13.5,
    13.5,
    13.5,
    13.5,
    13.5,
    13.5,
    13.5,
    13.5,
    12.605048581238005
  ],
  "instance_name": "50D_CaseHH",
  "z_star_int": [
    31,
    30,
    33,
    33,
    31,
    33,
    34,
    33,
    31,
    33,
    32,
    34,
    31,
    31,
    33,
    21,
    23,
    23,
    22,
    23,
    21,
    21,
    23,
    21,
    21,
    21,
    22,
    22,
    20,
    22,
    14,
    14,
    14,
    14,
    14,
    14,
    14,
    14,
    13,
    14,
    14,
    14,
    14,
    14,
    14,
    14,
    14,
    14,
    14,
    13
  ],
  "training_time_seconds": 13644.38544789,
  "benchmark_source": "QS",
  "hyperparameters": {
    "lambda_rate": 5.88094210578942,
    "T_horizon": 0.1,
    "nu_radius": 0.2,
    "beta_final": 100000.0,
    "cost_scaling": 0.01,
    "alpha_factor": 0.0
  },
  "best_cost": 86472.45787137409,
  "timestamp": "2026-04-25T01:54:51.019",
  "best_std_error": 560.4552061844739
}