{
  "best_epsilon": -1.25,
  "method": "solve_inf",
  "V0_estimate": 2929.6905517578125,
  "z_star": [
    37.23076990173749,
    22.07377100379551
  ],
  "instance_name": "2D_CaseMMH",
  "z_star_int": [
    37,
    22
  ],
  "training_time_seconds": 608.803173223,
  "benchmark_source": "can_order",
  "hyperparameters": {
    "lambda_rate": 1.1294336566343364,
    "T_horizon": 0.05,
    "nu_radius": 0.4,
    "beta_final": 1.0e7,
    "cost_scaling": 0.1,
    "alpha_factor": 0.0
  },
  "best_cost": 3068.576843220073,
  "timestamp": "2026-05-16T08:23:44.884",
  "best_std_error": 3.8964747592938576
}