{
  "best_epsilon": -12.5,
  "method": "find_stationary",
  "V0_estimate": 8344.176025390625,
  "z_star": [
    18.000006219582545,
    16.000002981674008,
    17.999985263098527,
    17.99999414350358,
    18.000007547375695,
    11.00000184156193,
    10.999998342323922,
    11.000003637094759,
    13.999996194041097,
    10.999999852564422,
    11.00000134234854,
    11.00000496540969
  ],
  "instance_name": "12D_CaseMLH",
  "z_star_int": [
    18,
    16,
    18,
    18,
    18,
    11,
    11,
    11,
    14,
    11,
    11,
    11
  ],
  "training_time_seconds": 8889.230104681,
  "benchmark_source": "can_order",
  "hyperparameters": {
    "lambda_rate": 6.935726307369264,
    "T_horizon": 0.1,
    "nu_radius": 0.1,
    "beta_final": 1.0e6,
    "cost_scaling": 0.1,
    "alpha_factor": 0.19999999999999998
  },
  "best_cost": 11244.705593807128,
  "timestamp": "2026-04-24T13:11:47.760",
  "best_std_error": 46.627372842459536
}