{
  "best_epsilon": -2.5,
  "method": "solve_inf",
  "V0_estimate": 2830.8428955078125,
  "z_star": [
    35.189806114975426,
    20.653336423826246
  ],
  "instance_name": "2D_CaseMMM",
  "z_star_int": [
    35,
    21
  ],
  "training_time_seconds": 648.821541001,
  "benchmark_source": "can_order",
  "hyperparameters": {
    "lambda_rate": 1.2097796620337964,
    "T_horizon": 0.2,
    "nu_radius": 0.4,
    "beta_final": 1.0e7,
    "cost_scaling": 0.1,
    "alpha_factor": 0.0
  },
  "best_cost": 2934.5451725521025,
  "timestamp": "2026-05-16T00:39:43.065",
  "best_std_error": 3.437402338074945
}