{
  "best_epsilon": -5.0,
  "method": "find_stationary",
  "V0_estimate": 30529.376220703125,
  "z_star": [
    17.0,
    17.0,
    17.0,
    17.0,
    17.0,
    17.0,
    17.0,
    17.0,
    17.0,
    17.0,
    17.0,
    17.0,
    17.0,
    17.0,
    17.0,
    9.0,
    9.0,
    9.0,
    9.0,
    9.0,
    9.0,
    9.0,
    9.0,
    9.0,
    9.0,
    9.0,
    9.0,
    9.0,
    9.0,
    9.0,
    5.0,
    5.0,
    5.0,
    5.0,
    5.0,
    5.0,
    5.0,
    5.0,
    5.0,
    5.0,
    5.0,
    5.0,
    5.0,
    5.0,
    5.0,
    5.0,
    5.0,
    5.0,
    5.0,
    5.0
  ],
  "instance_name": "50D_CaseML",
  "z_star_int": [
    17,
    17,
    17,
    17,
    17,
    17,
    17,
    17,
    17,
    17,
    17,
    17,
    17,
    17,
    17,
    9,
    9,
    9,
    9,
    9,
    9,
    9,
    9,
    9,
    9,
    9,
    9,
    9,
    9,
    9,
    5,
    5,
    5,
    5,
    5,
    5,
    5,
    5,
    5,
    5,
    5,
    5,
    5,
    5,
    5,
    5,
    5,
    5,
    5,
    5
  ],
  "training_time_seconds": 13582.548115812,
  "benchmark_source": "QS",
  "hyperparameters": {
    "lambda_rate": 8.914510628937105,
    "T_horizon": 0.05,
    "nu_radius": 0.1,
    "beta_final": 1.0e6,
    "cost_scaling": 0.01,
    "alpha_factor": 0.0
  },
  "best_cost": 35862.81825006443,
  "timestamp": "2026-04-27T18:52:05.914",
  "best_std_error": 79.33929042108576
}