{
  "best_epsilon": -1.25,
  "method": "solve_inf",
  "V0_estimate": 19705.96160888672,
  "z_star": [
    11.0,
    11.0,
    11.0,
    11.0,
    11.0,
    11.0,
    11.0,
    11.0,
    11.0,
    11.0,
    11.0,
    11.0,
    11.0,
    11.0,
    11.0,
    6.0,
    6.0,
    6.0,
    6.0,
    6.0,
    6.0,
    6.0,
    6.0,
    6.0,
    6.0,
    6.0,
    6.0,
    6.0,
    6.0,
    6.0,
    4.0,
    4.0,
    4.0,
    4.0,
    4.0,
    4.0,
    4.0,
    4.0,
    4.0,
    4.0,
    4.0,
    4.0,
    4.0,
    4.0,
    4.0,
    4.0,
    4.0,
    4.0,
    4.0,
    4.0
  ],
  "instance_name": "50D_CaseLL",
  "z_star_int": [
    11,
    11,
    11,
    11,
    11,
    11,
    11,
    11,
    11,
    11,
    11,
    11,
    11,
    11,
    11,
    6,
    6,
    6,
    6,
    6,
    6,
    6,
    6,
    6,
    6,
    6,
    6,
    6,
    6,
    6,
    4,
    4,
    4,
    4,
    4,
    4,
    4,
    4,
    4,
    4,
    4,
    4,
    4,
    4,
    4,
    4,
    4,
    4,
    4,
    4
  ],
  "training_time_seconds": 13557.08983284,
  "benchmark_source": "QS",
  "hyperparameters": {
    "lambda_rate": 5.872242335766425,
    "T_horizon": 0.2,
    "nu_radius": 0.4,
    "beta_final": 1.0e6,
    "cost_scaling": 0.01,
    "alpha_factor": 0.0
  },
  "best_cost": 21663.344595090493,
  "timestamp": "2026-04-30T02:59:01.516",
  "best_std_error": 24.365364702483728
}