{
  "best_epsilon": -10.0,
  "method": "find_stationary",
  "V0_estimate": 26092.584228515625,
  "z_star": [
    27.0,
    27.0,
    27.0,
    26.0,
    26.0,
    26.0,
    27.0,
    26.0,
    27.0,
    27.0,
    27.0,
    27.0,
    27.0,
    26.0,
    27.0,
    14.0,
    14.0,
    14.0,
    14.0,
    14.0,
    14.0,
    14.0,
    14.0,
    14.0,
    14.0,
    14.0,
    14.0,
    14.0,
    14.0,
    14.0,
    7.0,
    7.0,
    7.0,
    7.0,
    7.0,
    7.0,
    7.0,
    7.0,
    7.0,
    7.0,
    7.0,
    7.0,
    7.0,
    7.0,
    7.0,
    7.0,
    7.0,
    7.0,
    7.0,
    7.0
  ],
  "instance_name": "50D_CaseMM",
  "z_star_int": [
    27,
    27,
    27,
    26,
    26,
    26,
    27,
    26,
    27,
    27,
    27,
    27,
    27,
    26,
    27,
    14,
    14,
    14,
    14,
    14,
    14,
    14,
    14,
    14,
    14,
    14,
    14,
    14,
    14,
    14,
    7,
    7,
    7,
    7,
    7,
    7,
    7,
    7,
    7,
    7,
    7,
    7,
    7,
    7,
    7,
    7,
    7,
    7,
    7,
    7
  ],
  "training_time_seconds": 13638.141394457,
  "benchmark_source": "QS",
  "hyperparameters": {
    "lambda_rate": 4.363381301869813,
    "T_horizon": 0.1,
    "nu_radius": 0.1,
    "beta_final": 1.0e6,
    "cost_scaling": 0.01,
    "alpha_factor": 0.2
  },
  "best_cost": 47706.58149337273,
  "timestamp": "2026-04-26T09:11:50.982",
  "best_std_error": 123.04625880638699
}