{
  "best_epsilon": -2.5,
  "method": "solve_inf",
  "V0_estimate": 4024.0701293945312,
  "z_star": [
    51.40856412836573,
    29.641953592518526
  ],
  "instance_name": "2D_CaseMHM",
  "z_star_int": [
    51,
    30
  ],
  "training_time_seconds": 663.915362784,
  "benchmark_source": "can_order",
  "hyperparameters": {
    "lambda_rate": 0.8282059394060595,
    "T_horizon": 0.1,
    "nu_radius": 0.4,
    "beta_final": 100000.0,
    "cost_scaling": 0.1,
    "alpha_factor": 0.0
  },
  "best_cost": 3934.665311867971,
  "timestamp": "2026-05-15T22:11:37.273",
  "best_std_error": 4.494310663520133
}