{
  "best_epsilon": -10.0,
  "method": "solve_inf",
  "V0_estimate": 33608.27331542969,
  "z_star": [
    27.0,
    27.0,
    27.0,
    26.0,
    26.0,
    26.0,
    27.0,
    26.0,
    27.0,
    27.0,
    27.0,
    27.0,
    27.0,
    26.0,
    27.0,
    14.0,
    14.0,
    14.0,
    14.0,
    14.0,
    14.0,
    14.0,
    14.0,
    14.0,
    14.0,
    14.0,
    14.0,
    14.0,
    14.0,
    14.0,
    7.0,
    7.0,
    7.0,
    7.0,
    7.0,
    7.0,
    7.0,
    7.0,
    7.0,
    7.0,
    7.0,
    7.0,
    7.0,
    7.0,
    7.0,
    7.0,
    7.0,
    7.0,
    7.0,
    7.0
  ],
  "instance_name": "50D_CaseMM",
  "z_star_int": [
    27,
    27,
    27,
    26,
    26,
    26,
    27,
    26,
    27,
    27,
    27,
    27,
    27,
    26,
    27,
    14,
    14,
    14,
    14,
    14,
    14,
    14,
    14,
    14,
    14,
    14,
    14,
    14,
    14,
    14,
    7,
    7,
    7,
    7,
    7,
    7,
    7,
    7,
    7,
    7,
    7,
    7,
    7,
    7,
    7,
    7,
    7,
    7,
    7,
    7
  ],
  "training_time_seconds": 13566.430614491,
  "benchmark_source": "QS",
  "hyperparameters": {
    "lambda_rate": 4.363381301869813,
    "T_horizon": 0.05,
    "nu_radius": 0.2,
    "beta_final": 1.0e6,
    "cost_scaling": 0.01,
    "alpha_factor": 0.2
  },
  "best_cost": 47787.295216507715,
  "timestamp": "2026-04-28T02:44:50.426",
  "best_std_error": 126.07210389370114
}