{
  "best_epsilon": -2.5,
  "method": "find_stationary",
  "V0_estimate": 8132.661437988281,
  "z_star": [
    31.0,
    32.0,
    31.0,
    31.0,
    31.0,
    31.0,
    32.0,
    32.0,
    31.0,
    32.0,
    31.0,
    32.0,
    31.0,
    32.0,
    32.0,
    16.0,
    16.0,
    16.0,
    16.0,
    16.0,
    16.0,
    16.0,
    16.0,
    16.0,
    16.0,
    16.0,
    16.0,
    16.0,
    16.0,
    16.0,
    8.0,
    8.0,
    8.0,
    8.0,
    8.0,
    8.0,
    8.0,
    8.0,
    8.0,
    8.0,
    8.0,
    8.0,
    8.0,
    8.0,
    8.0,
    8.0,
    8.0,
    8.0,
    8.0,
    8.0
  ],
  "instance_name": "50D_CaseMH",
  "z_star_int": [
    31,
    32,
    31,
    31,
    31,
    31,
    32,
    32,
    31,
    32,
    31,
    32,
    31,
    32,
    32,
    16,
    16,
    16,
    16,
    16,
    16,
    16,
    16,
    16,
    16,
    16,
    16,
    16,
    16,
    16,
    8,
    8,
    8,
    8,
    8,
    8,
    8,
    8,
    8,
    8,
    8,
    8,
    8,
    8,
    8,
    8,
    8,
    8,
    8,
    8
  ],
  "training_time_seconds": 13614.307298846,
  "benchmark_source": "QS",
  "hyperparameters": {
    "lambda_rate": 3.345389141085892,
    "T_horizon": 0.2,
    "nu_radius": 1.0,
    "beta_final": 100000.0,
    "cost_scaling": 0.01,
    "alpha_factor": 0.2
  },
  "best_cost": 55091.02083278944,
  "timestamp": "2026-04-29T12:48:56.828",
  "best_std_error": 143.63781456681028
}