{
  "best_epsilon": -100.0,
  "method": "solve_inf",
  "V0_estimate": 11750.732421875,
  "z_star": [
    12.0,
    11.82717808445918,
    13.652443037718527,
    15.114225381915773,
    18.799310877229626,
    7.5,
    8.522192022160072,
    7.5,
    15.0,
    7.5,
    9.569017774445406,
    11.046116457978501
  ],
  "instance_name": "12D_CaseHHL",
  "z_star_int": [
    12,
    12,
    14,
    15,
    19,
    8,
    9,
    8,
    15,
    8,
    10,
    11
  ],
  "training_time_seconds": 8881.947167431,
  "benchmark_source": "QS",
  "hyperparameters": {
    "lambda_rate": 1.9907088091190874,
    "T_horizon": 0.05,
    "nu_radius": 0.8,
    "beta_final": 1.0e6,
    "cost_scaling": 0.1,
    "alpha_factor": 0.4
  },
  "best_cost": 19916.165894922095,
  "timestamp": "2026-05-10T18:27:37.496",
  "best_std_error": 191.64989193448437
}