{
  "best_epsilon": -7.5,
  "method": "find_stationary",
  "V0_estimate": 6207.0263671875,
  "z_star": [
    9.000000000001691,
    7.999999999998298,
    9.000000000000844,
    8.999999999995715,
    9.000000000001995,
    5.00000000000157,
    5.000000000001307,
    5.000000000000952,
    7.00000000000036,
    5.000000000002003,
    5.000000000000918,
    5.000000000001288
  ],
  "instance_name": "12D_CaseLLL",
  "z_star_int": [
    9,
    8,
    9,
    9,
    9,
    5,
    5,
    5,
    7,
    5,
    5,
    5
  ],
  "training_time_seconds": 8894.51892669,
  "benchmark_source": "QS",
  "hyperparameters": {
    "lambda_rate": 3.931490650934907,
    "T_horizon": 0.1,
    "nu_radius": 0.8,
    "beta_final": 1.0e7,
    "cost_scaling": 0.1,
    "alpha_factor": 0.4000000000000001
  },
  "best_cost": 6160.103419820986,
  "timestamp": "2026-05-11T20:33:28.693",
  "best_std_error": 8.557738697533798
}