{
  "best_epsilon": -5.0,
  "method": "solve_inf",
  "V0_estimate": 37274.7314453125,
  "z_star": [
    22.0,
    22.0,
    22.0,
    22.0,
    22.0,
    22.0,
    22.0,
    22.0,
    22.0,
    22.0,
    22.0,
    22.0,
    22.0,
    22.0,
    22.0,
    12.0,
    12.0,
    12.0,
    12.0,
    12.0,
    12.0,
    12.0,
    12.0,
    12.0,
    12.0,
    12.0,
    12.0,
    12.0,
    12.0,
    12.0,
    7.0,
    7.0,
    7.0,
    7.0,
    7.0,
    7.0,
    7.0,
    7.0,
    7.0,
    7.0,
    7.0,
    7.0,
    7.0,
    7.0,
    7.0,
    7.0,
    7.0,
    7.0,
    7.0,
    7.0
  ],
  "instance_name": "50D_CaseLH",
  "z_star_int": [
    22,
    22,
    22,
    22,
    22,
    22,
    22,
    22,
    22,
    22,
    22,
    22,
    22,
    22,
    22,
    12,
    12,
    12,
    12,
    12,
    12,
    12,
    12,
    12,
    12,
    12,
    12,
    12,
    12,
    12,
    7,
    7,
    7,
    7,
    7,
    7,
    7,
    7,
    7,
    7,
    7,
    7,
    7,
    7,
    7,
    7,
    7,
    7,
    7,
    7
  ],
  "training_time_seconds": 13622.295756128,
  "benchmark_source": "QS",
  "hyperparameters": {
    "lambda_rate": 2.5618794920507937,
    "T_horizon": 0.2,
    "nu_radius": 0.4,
    "beta_final": 1.0e6,
    "cost_scaling": 0.01,
    "alpha_factor": 0.0
  },
  "best_cost": 35928.61446515971,
  "timestamp": "2026-04-30T03:37:09.449",
  "best_std_error": 58.782740255652314
}