{
  "best_epsilon": -25.0,
  "method": "find_stationary",
  "V0_estimate": 9347.725219726562,
  "z_star": [
    19.0,
    17.0,
    19.0,
    19.0,
    18.0,
    10.0,
    10.0,
    10.0,
    13.0,
    10.0,
    10.0,
    10.0
  ],
  "instance_name": "12D_CaseMML",
  "z_star_int": [
    19,
    17,
    19,
    19,
    18,
    10,
    10,
    10,
    13,
    10,
    10,
    10
  ],
  "training_time_seconds": 8887.134578177,
  "benchmark_source": "QS",
  "hyperparameters": {
    "lambda_rate": 2.0352413158684133,
    "T_horizon": 0.1,
    "nu_radius": 0.8,
    "beta_final": 1.0e6,
    "cost_scaling": 0.1,
    "alpha_factor": 0.0
  },
  "best_cost": 12782.01062669068,
  "timestamp": "2026-04-24T22:54:21.297",
  "best_std_error": 63.07568572761277
}