{
  "best_epsilon": -7.5,
  "method": "solve_inf",
  "V0_estimate": 7692.342529296875,
  "z_star": [
    5.0, 
    3.0, 
    3.644988101978952, 
    3.0, 
    3.0, 
    1.7086729619416425, 
    2.3746448697199987, 
    1.5, 
    1.5, 
    1.5, 
    1.5, 
    1.5
  ],
  "instance_name": "12D_CaseHLL",
  "z_star_int": [
    5,
    3,
    4,
    3,
    3,
    2,
    2,
    2,
    2,
    2,
    2,
    2
  ],
  "training_time_seconds": 8916.526595527,
  "benchmark_source": "QS",
  "hyperparameters": {
    "lambda_rate": 7.542007519248074,
    "T_horizon": 0.05,
    "nu_radius": 0.8,
    "beta_final": 1.0e6,
    "cost_scaling": 0.1,
    "alpha_factor": 0.0
  },
  "best_cost": 8349.266976475137,
  "timestamp": "2026-05-19T06:58:43.990",
  "best_std_error": 79.26165923111273
}