{
  "best_epsilon": -10.0,
  "method": "solve_inf",
  "V0_estimate": 39384.9609375,
  "z_star": [
    31.0,
    32.0,
    31.0,
    31.0,
    31.0,
    31.0,
    32.0,
    32.0,
    31.0,
    32.0,
    31.0,
    32.0,
    31.0,
    32.0,
    32.0,
    16.0,
    16.0,
    16.0,
    16.0,
    16.0,
    16.0,
    16.0,
    16.0,
    16.0,
    16.0,
    16.0,
    16.0,
    16.0,
    16.0,
    16.0,
    8.0,
    8.0,
    8.0,
    8.0,
    8.0,
    8.0,
    8.0,
    8.0,
    8.0,
    8.0,
    8.0,
    8.0,
    8.0,
    8.0,
    8.0,
    8.0,
    8.0,
    8.0,
    8.0,
    8.0
  ],
  "instance_name": "50D_CaseMH",
  "z_star_int": [
    31,
    32,
    31,
    31,
    31,
    31,
    32,
    32,
    31,
    32,
    31,
    32,
    31,
    32,
    32,
    16,
    16,
    16,
    16,
    16,
    16,
    16,
    16,
    16,
    16,
    16,
    16,
    16,
    16,
    16,
    8,
    8,
    8,
    8,
    8,
    8,
    8,
    8,
    8,
    8,
    8,
    8,
    8,
    8,
    8,
    8,
    8,
    8,
    8,
    8
  ],
  "training_time_seconds": 13639.489132122,
  "benchmark_source": "QS",
  "hyperparameters": {
    "lambda_rate": 3.345389141085892,
    "T_horizon": 0.05,
    "nu_radius": 0.1,
    "beta_final": 100000.0,
    "cost_scaling": 0.01,
    "alpha_factor": 0.2
  },
  "best_cost": 55422.53642120921,
  "timestamp": "2026-04-27T20:23:20.541",
  "best_std_error": 227.46599692393252
}