{
  "best_epsilon": -7.5,
  "method": "find_stationary",
  "V0_estimate": 7739.0838623046875,
  "z_star": [
    12.0,
    11.0,
    12.0,
    12.0,
    12.0,
    7.0,
    7.0,
    7.0,
    9.0,
    7.0,
    7.0,
    7.0
  ],
  "instance_name": "12D_CaseLLH",
  "z_star_int": [
    12,
    11,
    12,
    12,
    12,
    7,
    7,
    7,
    9,
    7,
    7,
    7
  ],
  "training_time_seconds": 8903.812027258,
  "benchmark_source": "QS",
  "hyperparameters": {
    "lambda_rate": 4.7467020497950205,
    "T_horizon": 0.1,
    "nu_radius": 0.8,
    "beta_final": 1.0e6,
    "cost_scaling": 0.1,
    "alpha_factor": 0.2
  },
  "best_cost": 7433.077935865564,
  "timestamp": "2026-04-24T06:43:26.672",
  "best_std_error": 17.79782922923658
}