{
  "best_epsilon": -15.0,
  "method": "find_stationary",
  "V0_estimate": 34837.80212402344,
  "z_star": [
    20.0,
    20.0,
    20.0,
    20.0,
    20.0,
    20.0,
    20.0,
    20.0,
    20.0,
    20.0,
    20.0,
    20.0,
    20.0,
    20.0,
    19.0,
    12.0,
    12.0,
    12.0,
    12.0,
    12.0,
    12.0,
    12.0,
    12.0,
    12.0,
    12.0,
    12.0,
    12.0,
    12.0,
    12.0,
    12.0,
    7.0,
    7.0,
    7.0,
    7.0,
    7.0,
    7.0,
    7.0,
    7.0,
    7.0,
    7.0,
    7.0,
    7.0,
    7.0,
    7.0,
    7.0,
    7.0,
    7.0,
    7.0,
    7.0,
    7.0
  ],
  "instance_name": "50D_CaseHM",
  "z_star_int": [
    20,
    20,
    20,
    20,
    20,
    20,
    20,
    20,
    20,
    20,
    20,
    20,
    20,
    20,
    19,
    12,
    12,
    12,
    12,
    12,
    12,
    12,
    12,
    12,
    12,
    12,
    12,
    12,
    12,
    12,
    7,
    7,
    7,
    7,
    7,
    7,
    7,
    7,
    7,
    7,
    7,
    7,
    7,
    7,
    7,
    7,
    7,
    7,
    7,
    7
  ],
  "training_time_seconds": 13639.823363594,
  "benchmark_source": "QS",
  "hyperparameters": {
    "lambda_rate": 8.446313568643136,
    "T_horizon": 0.05,
    "nu_radius": 0.2,
    "beta_final": 1.0e6,
    "cost_scaling": 0.01,
    "alpha_factor": 0.0
  },
  "best_cost": 71321.88123722243,
  "timestamp": "2026-04-28T08:58:08.890",
  "best_std_error": 279.3110513598567
}