{
  "best_epsilon": -10.0,
  "method": "find_stationary",
  "V0_estimate": -24521.44012451172,
  "z_star": [
    12.001622390408558,
    10.119277291374244,
    13.262914557287392,
    7.0356248463297755,
    12.390508459099605,
    11.083254267069274,
    9.94806393393196,
    10.682491221553443,
    12.94915515475242,
    7.398131967406241,
    10.483390894169839,
    15.0,
    15.0,
    8.08295434394581,
    15.0,
    8.877009507013105,
    8.204580093763573,
    9.0,
    6.931124837006313,
    9.0,
    8.916179798974031,
    8.08295173840972,
    6.30680892405489,
    8.044493972432761,
    4.750278589056469,
    9.0,
    3.039940060432153,
    7.744638756708392,
    9.0,
    5.467672819180985,
    4.118588447451565,
    6.0,
    2.8701209033565007,
    5.169559223327055,
    5.812886889390919,
    3.296630583856721,
    3.2531811237772983,
    2.582061108910855,
    2.0,
    4.174319637915419,
    5.983747952113731,
    5.021590927961189,
    2.9040007879644887,
    5.186521546793561,
    2.0,
    2.04576275268686,
    6.0,
    3.6706830553508056,
    3.5383398498392857,
    3.184834234094342
  ],
  "instance_name": "50D_CaseHL",
  "z_star_int": [
    12,
    10,
    13,
    7,
    12,
    11,
    10,
    11,
    13,
    7,
    10,
    15,
    15,
    8,
    15,
    9,
    8,
    9,
    7,
    9,
    9,
    8,
    6,
    8,
    5,
    9,
    3,
    8,
    9,
    5,
    4,
    6,
    3,
    5,
    6,
    3,
    3,
    3,
    2,
    4,
    6,
    5,
    3,
    5,
    2,
    2,
    6,
    4,
    4,
    3
  ],
  "training_time_seconds": 13582.718285459,
  "benchmark_source": "QS",
  "hyperparameters": {
    "lambda_rate": 16.524998940105988,
    "T_horizon": 0.1,
    "nu_radius": 0.2,
    "beta_final": 1.0e6,
    "cost_scaling": 0.01,
    "alpha_factor": 0.0
  },
  "best_cost": 51644.315428969276,
  "timestamp": "2026-04-26T18:43:59.545",
  "best_std_error": 272.8200052579444
}