{
  "best_epsilon": -30.0,
  "method": "find_stationary",
  "V0_estimate": 844.9123382568359,
  "z_star": [
    45.0,
    43.0,
    45.0,
    45.0,
    45.0,
    33.0,
    33.0,
    33.0,
    38.0,
    33.0,
    33.0,
    33.0
  ],
  "instance_name": "12D_CaseHHH",
  "z_star_int": [
    45,
    43,
    45,
    45,
    45,
    33,
    33,
    33,
    38,
    33,
    33,
    33
  ],
  "training_time_seconds": 8829.830916773,
  "benchmark_source": "can_order",
  "hyperparameters": {
    "lambda_rate": 2.5400442755724426,
    "T_horizon": 0.2,
    "nu_radius": 0.8,
    "beta_final": 1.0e6,
    "cost_scaling": 0.1,
    "alpha_factor": 0.0
  },
  "best_cost": 29028.601688122704,
  "timestamp": "2026-04-27T14:38:29.639",
  "best_std_error": 344.40030260949584
}