{
  "best_epsilon": -1.0,
  "method": "find_stationary",
  "V0_estimate": 3585.7763671875,
  "z_star": [
    28.6,
    19.8
  ],
  "instance_name": "2D_CaseHMM",
  "z_star_int": [
    29,
    20
  ],
  "training_time_seconds": 651.64407642,
  "benchmark_source": "can_order",
  "hyperparameters": {
    "lambda_rate": 1.183700629937006,
    "T_horizon": 0.05,
    "nu_radius": 1.0,
    "beta_final": 1.0e6,
    "cost_scaling": 0.1,
    "alpha_factor": 0.0
  },
  "best_cost": 3238.4783110408844,
  "timestamp": "2026-05-18T16:05:14.306",
  "best_std_error": 0.7164708568009354
}