{
  "best_epsilon": -2.5,
  "method": "find_stationary",
  "V0_estimate": 35062.890625,
  "z_star": [
    22.0,
    22.0,
    22.0,
    22.0,
    22.0,
    22.0,
    22.0,
    22.0,
    22.0,
    22.0,
    22.0,
    22.0,
    22.0,
    22.0,
    22.0,
    12.0,
    12.0,
    12.0,
    12.0,
    12.0,
    12.0,
    12.0,
    12.0,
    12.0,
    12.0,
    12.0,
    12.0,
    12.0,
    12.0,
    12.0,
    7.0,
    7.0,
    7.0,
    7.0,
    7.0,
    7.0,
    7.0,
    7.0,
    7.0,
    7.0,
    7.0,
    7.0,
    7.0,
    7.0,
    7.0,
    7.0,
    7.0,
    7.0,
    7.0,
    7.0
  ],
  "instance_name": "50D_CaseLH",
  "z_star_int": [
    22,
    22,
    22,
    22,
    22,
    22,
    22,
    22,
    22,
    22,
    22,
    22,
    22,
    22,
    22,
    12,
    12,
    12,
    12,
    12,
    12,
    12,
    12,
    12,
    12,
    12,
    12,
    12,
    12,
    12,
    7,
    7,
    7,
    7,
    7,
    7,
    7,
    7,
    7,
    7,
    7,
    7,
    7,
    7,
    7,
    7,
    7,
    7,
    7,
    7
  ],
  "training_time_seconds": 13562.653735644,
  "benchmark_source": "QS",
  "hyperparameters": {
    "lambda_rate": 2.5618794920507937,
    "T_horizon": 0.1,
    "nu_radius": 0.4,
    "beta_final": 100000.0,
    "cost_scaling": 0.01,
    "alpha_factor": 0.0
  },
  "best_cost": 35940.767677517724,
  "timestamp": "2026-04-24T19:07:13.313",
  "best_std_error": 41.689416538577355
}