{
  "best_epsilon": -25.0,
  "method": "find_stationary",
  "V0_estimate": 13413.980712890625,
  "z_star": [
    28.0,
    24.0,
    28.0,
    28.0,
    28.0,
    14.0,
    14.0,
    14.0,
    20.0,
    14.0,
    14.0,
    14.0
  ],
  "instance_name": "12D_CaseLHL",
  "z_star_int": [
    28,
    24,
    28,
    28,
    28,
    14,
    14,
    14,
    20,
    14,
    14,
    14
  ],
  "training_time_seconds": 8910.135182736,
  "benchmark_source": "QS",
  "hyperparameters": {
    "lambda_rate": 1.2090413358664134,
    "T_horizon": 0.1,
    "nu_radius": 0.8,
    "beta_final": 1.0e6,
    "cost_scaling": 0.1,
    "alpha_factor": 0.2
  },
  "best_cost": 12931.563252242946,
  "timestamp": "2026-04-24T22:19:09.681",
  "best_std_error": 31.02584453097093
}