{
  "best_epsilon": -20.0,
  "method": "find_stationary",
  "V0_estimate": 10198.4814453125,
  "z_star": [
    22.000000000028013,
    19.00000000001383,
    22.000000000026724,
    21.99999999996282,
    21.999999999979853,
    12.000000000013372,
    12.000000000035456,
    12.000000000018792,
    15.99999999999467,
    12.000000000041391,
    12.000000000032633,
    12.000000000009129
  ],
  "instance_name": "12D_CaseLMM",
  "z_star_int": [
    22,
    19,
    22,
    22,
    22,
    12,
    12,
    12,
    16,
    12,
    12,
    12
  ],
  "training_time_seconds": 8916.174275942,
  "benchmark_source": "QS",
  "hyperparameters": {
    "lambda_rate": 2.052771362863713,
    "T_horizon": 0.1,
    "nu_radius": 0.2,
    "beta_final": 1.0e6,
    "cost_scaling": 0.1,
    "alpha_factor": 0.2
  },
  "best_cost": 11636.36336853804,
  "timestamp": "2026-04-24T01:43:01.914",
  "best_std_error": 34.48572389742955
}