{
  "best_epsilon": -2.5,
  "method": "find_stationary",
  "V0_estimate": 6545.9112548828125,
  "z_star": [
    34.0,
    32.0,
    34.0,
    34.0,
    34.0,
    24.0,
    24.0,
    24.0,
    28.0,
    24.0,
    24.0,
    24.0
  ],
  "instance_name": "12D_CaseHMH",
  "z_star_int": [
    34,
    32,
    34,
    34,
    34,
    24,
    24,
    24,
    28,
    24,
    24,
    24
  ],
  "training_time_seconds": 8946.653187575,
  "benchmark_source": "can_order",
  "hyperparameters": {
    "lambda_rate": 3.6013668233176688,
    "T_horizon": 0.2,
    "nu_radius": 1.0,
    "beta_final": 1.0e6,
    "cost_scaling": 0.1,
    "alpha_factor": 0.0
  },
  "best_cost": 23241.83547641278,
  "timestamp": "2026-04-27T18:16:45.663",
  "best_std_error": 351.67725018994673
}