{
  "best_epsilon": -2.5,
  "method": "find_stationary",
  "V0_estimate": -13969.15771484375,
  "z_star": [
    33.0,
    31.0,
    33.0,
    33.0,
    33.0,
    26.0,
    26.0,
    26.0,
    29.0,
    26.0,
    26.0,
    26.0
  ],
  "instance_name": "12D_CaseHMM",
  "z_star_int": [
    33,
    31,
    33,
    33,
    33,
    26,
    26,
    26,
    29,
    26,
    26,
    26
  ],
  "training_time_seconds": 8918.135398198,
  "benchmark_source": "can_order",
  "hyperparameters": {
    "lambda_rate": 3.538746885311469,
    "T_horizon": 0.1,
    "nu_radius": 1.0,
    "beta_final": 100000.0,
    "cost_scaling": 0.1,
    "alpha_factor": 0.0
  },
  "best_cost": 21683.090374620126,
  "timestamp": "2026-04-26T14:52:29.438",
  "best_std_error": 264.47651878924376
}