{
  "best_epsilon": -2.5,
  "method": "solve_inf",
  "V0_estimate": 2484.9606323242188,
  "z_star": [
    30.981165357131452,
    18.453823523852687
  ],
  "instance_name": "2D_CaseMML",
  "z_star_int": [
    31,
    18
  ],
  "training_time_seconds": 610.557638899,
  "benchmark_source": "can_order",
  "hyperparameters": {
    "lambda_rate": 1.1027218478152185,
    "T_horizon": 0.2,
    "nu_radius": 0.1,
    "beta_final": 1.0e7,
    "cost_scaling": 0.1,
    "alpha_factor": 0.0
  },
  "best_cost": 2585.256838837644,
  "timestamp": "2026-05-16T03:08:48.123",
  "best_std_error": 2.916921265393234
}