{
  "best_epsilon": -1.25,
  "method": "solve_inf",
  "V0_estimate": 11188.575744628906,
  "z_star": [
    15.0,
    5.0,
    15.0,
    5.0,
    5.0,
    5.0,
    15.0,
    15.0,
    5.0,
    5.0,
    5.0,
    5.0,
    5.0,
    11.201255990951182,
    5.0,
    3.0,
    3.0,
    3.0,
    9.0,
    3.0,
    8.608489564641456,
    9.0,
    3.0,
    9.0,
    3.0,
    9.0,
    3.0,
    3.0,
    3.0,
    9.0,
    2.0,
    6.0,
    2.0,
    2.0,
    2.0,
    2.0,
    6.0,
    2.0,
    2.0,
    2.0,
    2.0,
    2.0,
    2.6463341405780074,
    2.0,
    2.0,
    2.0,
    2.0,
    2.0,
    2.0,
    6.0
  ],
  "instance_name": "50D_CaseHL",
  "z_star_int": [
    15,
    5,
    15,
    5,
    5,
    5,
    15,
    15,
    5,
    5,
    5,
    5,
    5,
    11,
    5,
    3,
    3,
    3,
    9,
    3,
    9,
    9,
    3,
    9,
    3,
    9,
    3,
    3,
    3,
    9,
    2,
    6,
    2,
    2,
    2,
    2,
    6,
    2,
    2,
    2,
    2,
    2,
    3,
    2,
    2,
    2,
    2,
    2,
    2,
    6
  ],
  "training_time_seconds": 13512.803894641,
  "benchmark_source": "QS",
  "hyperparameters": {
    "lambda_rate": 16.524998940105988,
    "T_horizon": 0.2,
    "nu_radius": 0.4,
    "beta_final": 100000.0,
    "cost_scaling": 0.01,
    "alpha_factor": 0.0
  },
  "best_cost": 53425.0660414292,
  "timestamp": "2026-04-28T19:29:57.099",
  "best_std_error": 234.15403671976998
}