{
  "best_epsilon": -2.5,
  "method": "find_stationary",
  "V0_estimate": 30165.023803710938,
  "z_star": [
    18.0,
    18.0,
    18.0,
    18.0,
    18.0,
    18.0,
    18.0,
    18.0,
    18.0,
    18.0,
    18.0,
    18.0,
    18.0,
    18.0,
    18.0,
    10.0,
    10.0,
    10.0,
    10.0,
    10.0,
    10.0,
    10.0,
    10.0,
    10.0,
    10.0,
    10.0,
    10.0,
    10.0,
    10.0,
    10.0,
    6.0,
    6.0,
    6.0,
    6.0,
    6.0,
    6.0,
    6.0,
    6.0,
    6.0,
    6.0,
    6.0,
    6.0,
    6.0,
    6.0,
    6.0,
    6.0,
    6.0,
    6.0,
    6.0,
    6.0
  ],
  "instance_name": "50D_CaseLM",
  "z_star_int": [
    18,
    18,
    18,
    18,
    18,
    18,
    18,
    18,
    18,
    18,
    18,
    18,
    18,
    18,
    18,
    10,
    10,
    10,
    10,
    10,
    10,
    10,
    10,
    10,
    10,
    10,
    10,
    10,
    10,
    10,
    6,
    6,
    6,
    6,
    6,
    6,
    6,
    6,
    6,
    6,
    6,
    6,
    6,
    6,
    6,
    6,
    6,
    6,
    6,
    6
  ],
  "training_time_seconds": 13576.232952219,
  "benchmark_source": "QS",
  "hyperparameters": {
    "lambda_rate": 3.205862653734628,
    "T_horizon": 0.05,
    "nu_radius": 0.4,
    "beta_final": 1.0e6,
    "cost_scaling": 0.01,
    "alpha_factor": 0.0
  },
  "best_cost": 30256.78445739169,
  "timestamp": "2026-04-28T10:59:36.282",
  "best_std_error": 44.24347146660392
}