{
  "best_epsilon": -2.5,
  "method": "solve_inf",
  "V0_estimate": 1579.5803833007812,
  "z_star": [
    22.69924680712463,
    14.158062268942247
  ],
  "instance_name": "2D_CaseMLM",
  "z_star_int": [
    23,
    14
  ],
  "training_time_seconds": 611.726013718,
  "benchmark_source": "can_order",
  "hyperparameters": {
    "lambda_rate": 1.7911116888311167,
    "T_horizon": 0.05,
    "nu_radius": 0.2,
    "beta_final": 1.0e7,
    "cost_scaling": 0.1,
    "alpha_factor": 0.0
  },
  "best_cost": 2064.028185643445,
  "timestamp": "2026-05-16T07:55:14.558",
  "best_std_error": 2.4446201393402265
}