{
  "best_epsilon": -7.5,
  "method": "find_stationary",
  "V0_estimate": 7349.3231201171875,
  "z_star": [
    11.0,
    10.0,
    11.0,
    11.0,
    11.0,
    6.0,
    6.0,
    6.0,
    8.0,
    6.0,
    6.0,
    6.0
  ],
  "instance_name": "12D_CaseLLM",
  "z_star_int": [
    11,
    10,
    11,
    11,
    11,
    6,
    6,
    6,
    8,
    6,
    6,
    6
  ],
  "training_time_seconds": 8892.50467525,
  "benchmark_source": "QS",
  "hyperparameters": {
    "lambda_rate": 4.746702049795022,
    "T_horizon": 0.1,
    "nu_radius": 0.8,
    "beta_final": 1.0e6,
    "cost_scaling": 0.1,
    "alpha_factor": 0.0
  },
  "best_cost": 7156.529422952468,
  "timestamp": "2026-04-24T06:48:26.512",
  "best_std_error": 12.971286532339683
}