{
  "best_epsilon": -1.25,
  "method": "solve_inf",
  "V0_estimate": 2564.3994140625,
  "z_star": [
    35.164815070701856,
    18.725406835589077
  ],
  "instance_name": "2D_CaseLMM",
  "z_star_int": [
    35,
    19
  ],
  "training_time_seconds": 615.089823863,
  "benchmark_source": "QS",
  "hyperparameters": {
    "lambda_rate": 1.1437566643335662,
    "T_horizon": 0.1,
    "nu_radius": 0.05,
    "beta_final": 1.0e6,
    "cost_scaling": 0.1,
    "alpha_factor": 0.0
  },
  "best_cost": 2606.3370678068322,
  "timestamp": "2026-05-15T18:52:16.967",
  "best_std_error": 1.2078668695316093
}