{
  "best_epsilon": -30.0,
  "method": "find_stationary",
  "V0_estimate": 16296.9189453125,
  "z_star": [
    39.0,
    36.0,
    39.0,
    39.0,
    39.0,
    27.0,
    27.0,
    27.0,
    32.0,
    27.0,
    27.0,
    27.0
  ],
  "instance_name": "12D_CaseMHH",
  "z_star_int": [
    39,
    36,
    39,
    39,
    39,
    27,
    27,
    27,
    32,
    27,
    27,
    27
  ],
  "training_time_seconds": 8860.154145455,
  "benchmark_source": "can_order",
  "hyperparameters": {
    "lambda_rate": 1.9476160383961603,
    "T_horizon": 0.1,
    "nu_radius": 0.8,
    "beta_final": 1.0e6,
    "cost_scaling": 0.1,
    "alpha_factor": 0.39999999999999997
  },
  "best_cost": 21652.42932550282,
  "timestamp": "2026-04-25T05:57:49.217",
  "best_std_error": 184.55515319770382
}