{
  "best_epsilon": -2.5,
  "method": "solve_inf",
  "V0_estimate": 8413.561248779297,
  "z_star": [
    17.0,
    17.0,
    17.0,
    17.0,
    17.0,
    17.0,
    17.0,
    17.0,
    17.0,
    17.0,
    17.0,
    17.0,
    17.0,
    17.0,
    17.0,
    9.0,
    9.0,
    9.0,
    9.0,
    9.0,
    9.0,
    9.0,
    9.0,
    9.0,
    9.0,
    9.0,
    9.0,
    9.0,
    9.0,
    9.0,
    5.0,
    5.0,
    5.0,
    5.0,
    5.0,
    5.0,
    5.0,
    5.0,
    5.0,
    5.0,
    5.0,
    5.0,
    5.0,
    5.0,
    5.0,
    5.0,
    5.0,
    5.0,
    5.0,
    5.0
  ],
  "instance_name": "50D_CaseML",
  "z_star_int": [
    17,
    17,
    17,
    17,
    17,
    17,
    17,
    17,
    17,
    17,
    17,
    17,
    17,
    17,
    17,
    9,
    9,
    9,
    9,
    9,
    9,
    9,
    9,
    9,
    9,
    9,
    9,
    9,
    9,
    9,
    5,
    5,
    5,
    5,
    5,
    5,
    5,
    5,
    5,
    5,
    5,
    5,
    5,
    5,
    5,
    5,
    5,
    5,
    5,
    5
  ],
  "training_time_seconds": 13590.672468134,
  "benchmark_source": "QS",
  "hyperparameters": {
    "lambda_rate": 8.914510628937105,
    "T_horizon": 0.2,
    "nu_radius": 0.4,
    "beta_final": 100000.0,
    "cost_scaling": 0.01,
    "alpha_factor": 0.0
  },
  "best_cost": 35753.13163808852,
  "timestamp": "2026-04-28T19:32:07.032",
  "best_std_error": 166.27446401365165
}