{
  "best_epsilon": -25.0,
  "method": "find_stationary",
  "V0_estimate": -27399.6240234375,
  "z_star": [
    19.0,
    17.0,
    19.0,
    19.0,
    19.0,
    12.0,
    12.0,
    12.0,
    15.0,
    12.0,
    12.0,
    12.0
  ],
  "instance_name": "12D_CaseHLH",
  "z_star_int": [
    19,
    17,
    19,
    19,
    19,
    12,
    12,
    12,
    15,
    12,
    12,
    12
  ],
  "training_time_seconds": 8863.294236598,
  "benchmark_source": "can_order",
  "hyperparameters": {
    "lambda_rate": 6.957804859514047,
    "T_horizon": 0.1,
    "nu_radius": 0.1,
    "beta_final": 1.0e6,
    "cost_scaling": 0.1,
    "alpha_factor": 0.4
  },
  "best_cost": 15999.961382422314,
  "timestamp": "2026-04-25T14:08:53.316",
  "best_std_error": 194.9273576899894
}