{
  "best_epsilon": -20.0,
  "method": "find_stationary",
  "V0_estimate": 9315.714721679688,
  "z_star": [
    20.0,
    17.0,
    20.0,
    20.0,
    20.0,
    10.0,
    10.0,
    10.0,
    14.0,
    10.0,
    10.0,
    10.0
  ],
  "instance_name": "12D_CaseLML",
  "z_star_int": [
    20,
    17,
    20,
    20,
    20,
    10,
    10,
    10,
    14,
    10,
    10,
    10
  ],
  "training_time_seconds": 8913.736860897,
  "benchmark_source": "QS",
  "hyperparameters": {
    "lambda_rate": 1.732287371262873,
    "T_horizon": 0.1,
    "nu_radius": 0.4,
    "beta_final": 1.0e6,
    "cost_scaling": 0.1,
    "alpha_factor": 0.0
  },
  "best_cost": 10040.471651472391,
  "timestamp": "2026-04-24T03:31:38.494",
  "best_std_error": 22.135576727083482
}