{
  "best_epsilon": -20.0,
  "method": "find_stationary",
  "V0_estimate": 11410.13916015625,
  "z_star": [
    23.0,
    21.0,
    23.0,
    23.0,
    23.0,
    13.0,
    13.0,
    13.0,
    17.0,
    13.0,
    13.0,
    13.0
  ],
  "instance_name": "12D_CaseLMH",
  "z_star_int": [
    23,
    21,
    23,
    23,
    23,
    13,
    13,
    13,
    17,
    13,
    13,
    13
  ],
  "training_time_seconds": 8904.863723957,
  "benchmark_source": "QS",
  "hyperparameters": {
    "lambda_rate": 2.0776014798520146,
    "T_horizon": 0.1,
    "nu_radius": 0.4,
    "beta_final": 1.0e6,
    "cost_scaling": 0.1,
    "alpha_factor": 0.0
  },
  "best_cost": 12102.661412310528,
  "timestamp": "2026-04-24T11:10:08.573",
  "best_std_error": 40.54539570832726
}