{
  "best_epsilon": -12.5,
  "method": "find_stationary",
  "V0_estimate": 10830.80810546875,
  "z_star": [
    15.00000423798109,
    14.000002206338278,
    14.999998144744637,
    15.000002659358703,
    14.999999667749664,
    10.000001712395044,
    9.999998857375454,
    10.00000148924378,
    12.000000428203059,
    10.000000386560597,
    9.999998392637798,
    10.00000037269998
  ],
  "instance_name": "12D_CaseMLM",
  "z_star_int": [
    15,
    14,
    15,
    15,
    15,
    10,
    10,
    10,
    12,
    10,
    10,
    10
  ],
  "training_time_seconds": 8909.1275816,
  "benchmark_source": "can_order",
  "hyperparameters": {
    "lambda_rate": 6.873791140885912,
    "T_horizon": 0.1,
    "nu_radius": 0.2,
    "beta_final": 1.0e6,
    "cost_scaling": 0.1,
    "alpha_factor": 0.4
  },
  "best_cost": 10302.13758118492,
  "timestamp": "2026-04-24T16:22:15.445",
  "best_std_error": 45.782667984394564
}