{
  "best_epsilon": -30.0,
  "method": "find_stationary",
  "V0_estimate": 12960.0537109375,
  "z_star": [
    29.000013854386452,
    26.999987463324032,
    29.000006212186236,
    28.999948663738905,
    29.000002864129783,
    19.999974985898007,
    19.999986494818586,
    19.999983314886776,
    23.999977614585077,
    19.999978441290295,
    19.999975956288836,
    19.999984183741617
  ],
  "instance_name": "12D_CaseMMM",
  "z_star_int": [
    29,
    27,
    29,
    29,
    29,
    20,
    20,
    20,
    24,
    20,
    20,
    20
  ],
  "training_time_seconds": 8900.337733335,
  "benchmark_source": "can_order",
  "hyperparameters": {
    "lambda_rate": 2.882150304969503,
    "T_horizon": 0.1,
    "nu_radius": 0.4,
    "beta_final": 1.0e6,
    "cost_scaling": 0.1,
    "alpha_factor": 0.4
  },
  "best_cost": 16348.80680114595,
  "timestamp": "2026-04-24T19:39:57.541",
  "best_std_error": 123.9319343573152
}