{
  "relative_differences": {
    "vs_periodic_RS": {
      "pct_difference": 11.8297,
      "pct_se": 0.2699
    },
    "vs_aggregate_QS": {
      "pct_difference": 5.7736,
      "pct_se": 0.2552
    },
    "vs_individual_sS": {
      "pct_difference": 84.3673,
      "pct_se": 0.4447
    },
    "vs_hybrid_RQS": {
      "pct_difference": 5.774,
      "pct_se": 0.2552
    },
    "vs_can_order": {
      "pct_difference": 7.0962,
      "pct_se": 0.2583
    }
  },
  "instance_name": "12D_CaseMHM",
  "timestamp": "2026-05-13T03:35:28.898",
  "simulation_settings": {
    "benchmark_iterations": 100000,
    "nn_iterations": 100,
    "seed": 777,
    "time_horizon": 10000
  },
  "neural_network": {
    "cost": 20728.228295687342,
    "method": "find_stationary",
    "pct_std_error": 0.24113570777278917,
    "epsilon": -30.0,
    "z_star": [
      38,
      34,
      38,
      38,
      38,
      20,
      20,
      20,
      28,
      20,
      20,
      20
    ],
    "std_error": 49.983160009565225,
    "training_hyperparameters": {
      "lambda_rate": 1.6616295570442958,
      "T_horizon": 0.1,
      "nu_radius": 1.0,
      "beta_final": 1.0e6,
      "cost_scaling": 0.1,
      "alpha_factor": 0.4000000000000001
    },
    "cost_breakdown": {
      "variable": 2494.71784701494,
      "backlog": 1161.820099715044,
      "fixed": 7642.535763699319,
      "holding": 9429.154585258018
    }
  },
  "benchmarks": {
    "individual_sS": {
      "cost": 38216.08374485951,
      "pct_std_error": 0.004918941083194619,
      "std_error": 1.8798266437139552,
      "cost_breakdown": {
        "variable": 2560.644875394645,
        "backlog": 913.2963522763187,
        "fixed": 18373.392854354548,
        "holding": 16368.749662833987
      }
    },
    "aggregate_QS": {
      "cost": 21925.000226944067,
      "pct_std_error": 0.008244732568423445,
      "std_error": 1.807657634337772,
      "cost_breakdown": {
        "variable": 2489.197396379235,
        "backlog": 3293.48078542622,
        "fixed": 6740.085902656664,
        "holding": 9402.236142481941
      }
    },
    "hybrid_RQS": {
      "cost": 21925.074049736584,
      "pct_std_error": 0.008244556551861744,
      "std_error": 1.8076251290680965,
      "cost_breakdown": {
        "variable": 2489.1977903583693,
        "backlog": 3293.447134546475,
        "fixed": 6740.157300977196,
        "holding": 9402.271823854542
      }
    },
    "can_order": {
      "cost": 22199.136983662655,
      "pct_std_error": 0.006747378051321233,
      "std_error": 1.4978596964183881,
      "cost_breakdown": {
        "variable": 2523.349808145594,
        "backlog": 244.7760195407065,
        "fixed": 7221.34547471509,
        "holding": 12209.665681261253
      }
    },
    "periodic_RS": {
      "cost": 23180.317395327573,
      "pct_std_error": 0.00908515280553744,
      "std_error": 2.105967256174086,
      "cost_breakdown": {
        "variable": 2491.6207809297507,
        "backlog": 3847.7832060853834,
        "fixed": 7033.353912877849,
        "holding": 9807.559495434589
      }
    }
  }
}