{
  "relative_differences": {
    "vs_periodic_RS": {
      "pct_difference": 0.7916,
      "pct_se": 0.0624
    },
    "vs_aggregate_QS": {
      "pct_difference": -0.0955,
      "pct_se": 0.0619
    },
    "vs_individual_sS": {
      "pct_difference": 96.0605,
      "pct_se": 0.1214
    },
    "vs_hybrid_RQS": {
      "pct_difference": -0.0945,
      "pct_se": 0.0619
    },
    "vs_can_order": {
      "pct_difference": 10.4789,
      "pct_se": 0.0684
    }
  },
  "instance_name": "12D_CaseLLL",
  "timestamp": "2026-05-13T02:55:57.411",
  "simulation_settings": {
    "benchmark_iterations": 100000,
    "nn_iterations": 100,
    "seed": 777,
    "time_horizon": 10000
  },
  "neural_network": {
    "cost": 6236.590612382818,
    "method": "find_stationary",
    "pct_std_error": 0.061893319263668777,
    "epsilon": -7.5,
    "z_star": [
      9,
      8,
      9,
      9,
      9,
      5,
      5,
      5,
      7,
      5,
      5,
      5
    ],
    "std_error": 3.860032938890093,
    "training_hyperparameters": {
      "lambda_rate": 3.931490650934907,
      "T_horizon": 0.1,
      "nu_radius": 0.8,
      "beta_final": 1.0e7,
      "cost_scaling": 0.1,
      "alpha_factor": 0.4000000000000001
    },
    "cost_breakdown": {
      "variable": 2421.5467906450494,
      "backlog": 854.3687368053833,
      "fixed": 1504.8734377373978,
      "holding": 1455.80164719499
    }
  },
  "benchmarks": {
    "individual_sS": {
      "cost": 12227.491000858812,
      "pct_std_error": 0.002532908228986286,
      "std_error": 0.3097111257593105,
      "cost_breakdown": {
        "variable": 2442.3486276410213,
        "backlog": 690.826446767742,
        "fixed": 5189.568666031028,
        "holding": 3904.747260419024
      }
    },
    "aggregate_QS": {
      "cost": 6230.63759216227,
      "pct_std_error": 0.0021114572371957892,
      "std_error": 0.13155724836315172,
      "cost_breakdown": {
        "variable": 2419.782824759121,
        "backlog": 703.6560470346466,
        "fixed": 1581.6128191618793,
        "holding": 1525.5859012066228
      }
    },
    "hybrid_RQS": {
      "cost": 6230.699234117142,
      "pct_std_error": 0.002111185851707372,
      "std_error": 0.13154164069312066,
      "cost_breakdown": {
        "variable": 2419.7858587414603,
        "backlog": 703.1399290469833,
        "fixed": 1581.9484138315322,
        "holding": 1525.8250324971646
      }
    },
    "can_order": {
      "cost": 6890.115144801831,
      "pct_std_error": 0.0023372350136497645,
      "std_error": 0.16103818364509356,
      "cost_breakdown": {
        "variable": 2430.2833124429335,
        "backlog": 95.78894707603365,
        "fixed": 1947.8834711690229,
        "holding": 2416.159414113843
      }
    },
    "periodic_RS": {
      "cost": 6285.9616921772695,
      "pct_std_error": 0.0020728779821921057,
      "std_error": 0.13030031588617294,
      "cost_breakdown": {
        "variable": 2419.8922853372114,
        "backlog": 715.7391316419825,
        "fixed": 1609.9144809249985,
        "holding": 1540.4157942730828
      }
    }
  }
}