{
  "relative_differences": {
    "vs_periodic_RS": {
      "pct_difference": 0.7513,
      "pct_se": 0.0498
    },
    "vs_aggregate_QS": {
      "pct_difference": 0.4548,
      "pct_se": 0.0496
    },
    "vs_individual_sS": {
      "pct_difference": 263.5103,
      "pct_se": 0.1797
    },
    "vs_hybrid_RQS": {
      "pct_difference": 0.4595,
      "pct_se": 0.0496
    },
    "vs_can_order": {
      "pct_difference": 16.0579,
      "pct_se": 0.0574
    }
  },
  "instance_name": "50D_CaseLM",
  "timestamp": "2026-05-13T05:12:18.058",
  "simulation_settings": {
    "benchmark_iterations": 100000,
    "nn_iterations": 100,
    "seed": 777,
    "time_horizon": 10000
  },
  "neural_network": {
    "cost": 30544.012380413824,
    "method": "solve_inf",
    "pct_std_error": 0.04937776136188694,
    "epsilon": -1.25,
    "z_star": [
      18,
      18,
      18,
      18,
      18,
      18,
      18,
      18,
      18,
      18,
      18,
      18,
      18,
      18,
      18,
      10,
      10,
      10,
      10,
      10,
      10,
      10,
      10,
      10,
      10,
      10,
      10,
      10,
      10,
      10,
      6,
      6,
      6,
      6,
      6,
      6,
      6,
      6,
      6,
      6,
      6,
      6,
      6,
      6,
      6,
      6,
      6,
      6,
      6,
      6
    ],
    "std_error": 15.081949543545942,
    "training_hyperparameters": {
      "lambda_rate": 3.205862653734628,
      "T_horizon": 0.05,
      "nu_radius": 0.4,
      "beta_final": 100000.0,
      "cost_scaling": 0.01,
      "alpha_factor": 0.0
    },
    "cost_breakdown": {
      "variable": 5062.751811727064,
      "backlog": 3094.3864014042874,
      "fixed": 9611.905694651394,
      "holding": 12774.968472631084
    }
  },
  "benchmarks": {
    "individual_sS": {
      "cost": 111030.62296638038,
      "pct_std_error": 0.002571387019760376,
      "std_error": 2.8550270269165883,
      "cost_breakdown": {
        "variable": 5229.044088749736,
        "backlog": 1659.0930194588047,
        "fixed": 58657.51734414307,
        "holding": 45484.968514028646
      }
    },
    "aggregate_QS": {
      "cost": 30682.93514335386,
      "pct_std_error": 0.0015415248696373097,
      "std_error": 0.47298507596948586,
      "cost_breakdown": {
        "variable": 5065.798102054472,
        "backlog": 3054.0882543057037,
        "fixed": 9685.035337373203,
        "holding": 12878.013449620485
      }
    },
    "hybrid_RQS": {
      "cost": 30684.36434382377,
      "pct_std_error": 0.0014997956155769496,
      "std_error": 0.4602027510963258,
      "cost_breakdown": {
        "variable": 5066.253208110646,
        "backlog": 2857.870326727183,
        "fixed": 9799.018594827276,
        "holding": 12961.222214158668
      }
    },
    "can_order": {
      "cost": 35448.74237636546,
      "pct_std_error": 0.0024773912637651666,
      "std_error": 0.8782040467466984,
      "cost_breakdown": {
        "variable": 5100.816103882848,
        "backlog": 171.6194003516668,
        "fixed": 10407.095607516463,
        "holding": 19769.211264614467
      }
    },
    "periodic_RS": {
      "cost": 30773.480012394877,
      "pct_std_error": 0.0014961631607928495,
      "std_error": 0.460421471239403,
      "cost_breakdown": {
        "variable": 5066.280514948394,
        "backlog": 2914.1957454868143,
        "fixed": 9824.547022593046,
        "holding": 12968.456729366599
      }
    }
  }
}