{
  "relative_differences": {
    "vs_periodic_RS": {
      "pct_difference": 4.0877,
      "pct_se": 0.2207
    },
    "vs_aggregate_QS": {
      "pct_difference": 0.8007,
      "pct_se": 0.2137
    },
    "vs_individual_sS": {
      "pct_difference": 116.305,
      "pct_se": 0.4585
    },
    "vs_hybrid_RQS": {
      "pct_difference": 0.8009,
      "pct_se": 0.2137
    },
    "vs_can_order": {
      "pct_difference": 21.6717,
      "pct_se": 0.258
    }
  },
  "instance_name": "12D_CaseMHL",
  "timestamp": "2026-05-13T03:30:40.526",
  "simulation_settings": {
    "benchmark_iterations": 100000,
    "nn_iterations": 100,
    "seed": 777,
    "time_horizon": 10000
  },
  "neural_network": {
    "cost": 16396.73855317201,
    "method": "find_stationary",
    "pct_std_error": 0.2118990766273992,
    "epsilon": -40.0,
    "z_star": [
      27,
      24,
      27,
      27,
      27,
      14,
      14,
      14,
      19,
      14,
      14,
      14
    ],
    "std_error": 34.74453759118027,
    "training_hyperparameters": {
      "lambda_rate": 1.3704961103889612,
      "T_horizon": 0.1,
      "nu_radius": 0.4,
      "beta_final": 1.0e6,
      "cost_scaling": 0.1,
      "alpha_factor": 0.2
    },
    "cost_breakdown": {
      "variable": 2452.2418134938985,
      "backlog": 2739.0267988601163,
      "fixed": 6007.706943240675,
      "holding": 5197.762997577322
    }
  },
  "benchmarks": {
    "individual_sS": {
      "cost": 35466.96536869849,
      "pct_std_error": 0.004854816742243329,
      "std_error": 1.7218561726852177,
      "cost_breakdown": {
        "variable": 2522.541132655544,
        "backlog": 2740.634612908881,
        "fixed": 17322.533218012315,
        "holding": 12881.256405121747
      }
    },
    "aggregate_QS": {
      "cost": 16528.031535658407,
      "pct_std_error": 0.006094199187017578,
      "std_error": 1.0072511634761037,
      "cost_breakdown": {
        "variable": 2446.0707437316846,
        "backlog": 3390.0509379396344,
        "fixed": 5574.973197100727,
        "holding": 5116.936656886358
      }
    },
    "hybrid_RQS": {
      "cost": 16528.065448273097,
      "pct_std_error": 0.006093529737418259,
      "std_error": 1.0071425831104737,
      "cost_breakdown": {
        "variable": 2446.0713499455414,
        "backlog": 3389.959030106765,
        "fixed": 5575.053474279602,
        "holding": 5116.9815939411865
      }
    },
    "can_order": {
      "cost": 19950.193208533357,
      "pct_std_error": 0.007221775145778918,
      "std_error": 1.4407580946687357,
      "cost_breakdown": {
        "variable": 2505.122405683586,
        "backlog": 292.29368095965117,
        "fixed": 6955.080390200438,
        "holding": 10197.696731689675
      }
    },
    "periodic_RS": {
      "cost": 17066.99513857196,
      "pct_std_error": 0.006346715139200664,
      "std_error": 1.0831935642663881,
      "cost_breakdown": {
        "variable": 2446.667157981704,
        "backlog": 3765.97303713233,
        "fixed": 5573.932660419751,
        "holding": 5280.42228303818
      }
    }
  }
}