{
  "relative_differences": {
    "vs_periodic_RS": {
      "pct_difference": 22.8464,
      "pct_se": 0.1418
    },
    "vs_aggregate_QS": {
      "pct_difference": 2.5971,
      "pct_se": 0.1181
    },
    "vs_individual_sS": {
      "pct_difference": 18.3235,
      "pct_se": 0.1359
    },
    "vs_hybrid_RQS": {
      "pct_difference": 2.5971,
      "pct_se": 0.1181
    },
    "vs_mdp": {
      "pct_difference": -0.6813,
      "pct_se": 0.1142
    },
    "vs_can_order": {
      "pct_difference": 1.8524,
      "pct_se": 0.1171
    }
  },
  "instance_name": "2D_CaseMML",
  "timestamp": "2026-05-16T15:25:57.132",
  "simulation_settings": {
    "benchmark_iterations": 100000,
    "nn_iterations": 1000,
    "seed": 777,
    "time_horizon": 10000
  },
  "neural_network": {
    "cost": 2589.477693329079,
    "method": "solve_inf",
    "pct_std_error": 0.11437818555851768,
    "epsilon": -2.5,
    "z_star": [
      31,
      18
    ],
    "std_error": 2.961797601072358,
    "training_hyperparameters": {
      "lambda_rate": 1.1027218478152185,
      "T_horizon": 0.2,
      "nu_radius": 0.1,
      "beta_final": 1.0e7,
      "cost_scaling": 0.1,
      "alpha_factor": 0.0
    },
    "cost_breakdown": {
      "variable": 244.75599807263674,
      "backlog": 418.4458147286501,
      "fixed": 996.3109016996982,
      "holding": 929.9649788280936
    }
  },
  "benchmarks": {
    "individual_sS": {
      "cost": 3063.9617834931337,
      "pct_std_error": 0.010552910848373056,
      "std_error": 0.3233371554402515,
      "cost_breakdown": {
        "variable": 246.02742007580895,
        "backlog": 271.73569923459195,
        "fixed": 1442.7371607872378,
        "holding": 1103.4615033954954
      }
    },
    "aggregate_QS": {
      "cost": 2656.728059498816,
      "pct_std_error": 0.01277967616071191,
      "std_error": 0.3395212424747143,
      "cost_breakdown": {
        "variable": 244.50554970933334,
        "backlog": 418.02260712695943,
        "fixed": 1095.2178008692506,
        "holding": 898.9821017932722
      }
    },
    "hybrid_RQS": {
      "cost": 2656.728059498816,
      "pct_std_error": 0.01277967616071191,
      "std_error": 0.3395212424747143,
      "cost_breakdown": {
        "variable": 244.50554970933334,
        "backlog": 418.02260712695943,
        "fixed": 1095.2178008692506,
        "holding": 898.9821017932722
      }
    },
    "mdp": {
      "cost": 2571.8359906161595,
      "pct_std_error": 0.011877843088859556,
      "std_error": 0.3054786434682042,
      "cost_breakdown": {
        "variable": 244.5560386556717,
        "backlog": 320.1482052775462,
        "fixed": 1100.898454264235,
        "holding": 906.2332924187077
      }
    },
    "can_order": {
      "cost": 2637.4442936960186,
      "pct_std_error": 0.011937145793937648,
      "std_error": 0.31483557057238276,
      "cost_breakdown": {
        "variable": 246.54528025262817,
        "backlog": 157.62777684133022,
        "fixed": 1119.5801135157642,
        "holding": 1113.691123086296
      }
    },
    "periodic_RS": {
      "cost": 3181.079227252506,
      "pct_std_error": 0.01573322511294869,
      "std_error": 0.5004863558448853,
      "cost_breakdown": {
        "variable": 244.809857260714,
        "backlog": 714.1511234153929,
        "fixed": 1155.5440134299593,
        "holding": 1066.5742331464419
      }
    }
  }
}