{
  "relative_differences": {
    "vs_periodic_RS": {
      "pct_difference": 17.428,
      "pct_se": 0.2607
    },
    "vs_aggregate_QS": {
      "pct_difference": 9.9206,
      "pct_se": 0.2439
    },
    "vs_individual_sS": {
      "pct_difference": 76.4093,
      "pct_se": 0.3912
    },
    "vs_hybrid_RQS": {
      "pct_difference": 9.9208,
      "pct_se": 0.2439
    },
    "vs_can_order": {
      "pct_difference": 2.551,
      "pct_se": 0.2275
    }
  },
  "instance_name": "12D_CaseMHH",
  "timestamp": "2026-05-13T03:29:27.362",
  "simulation_settings": {
    "benchmark_iterations": 100000,
    "nn_iterations": 100,
    "seed": 777,
    "time_horizon": 10000
  },
  "neural_network": {
    "cost": 21939.273918503575,
    "method": "find_stationary",
    "pct_std_error": 0.22172811877182605,
    "epsilon": -30.0,
    "z_star": [
      39,
      36,
      39,
      39,
      39,
      27,
      27,
      27,
      32,
      27,
      27,
      27
    ],
    "std_error": 48.64553933169586,
    "training_hyperparameters": {
      "lambda_rate": 1.9476160383961603,
      "T_horizon": 0.1,
      "nu_radius": 0.8,
      "beta_final": 1.0e6,
      "cost_scaling": 0.1,
      "alpha_factor": 0.39999999999999997
    },
    "cost_breakdown": {
      "variable": 2517.8745230148493,
      "backlog": 1097.7368870716678,
      "fixed": 7099.853085192662,
      "holding": 11223.809423224371
    }
  },
  "benchmarks": {
    "individual_sS": {
      "cost": 38702.91565112228,
      "pct_std_error": 0.00496838535071949,
      "std_error": 1.9229099915116805,
      "cost_breakdown": {
        "variable": 2567.1863775117363,
        "backlog": 838.1903451912016,
        "fixed": 18214.836227670923,
        "holding": 17082.702700748407
      }
    },
    "aggregate_QS": {
      "cost": 24115.78100159526,
      "pct_std_error": 0.009488336991282514,
      "std_error": 2.288186569511044,
      "cost_breakdown": {
        "variable": 2503.668863445983,
        "backlog": 3190.4886701307555,
        "fixed": 7451.220088455162,
        "holding": 10970.403379563348
      }
    },
    "hybrid_RQS": {
      "cost": 24115.823711697558,
      "pct_std_error": 0.009487470925673699,
      "std_error": 2.2879817631340296,
      "cost_breakdown": {
        "variable": 2503.6689925607784,
        "backlog": 3190.4761000614803,
        "fixed": 7451.261982152376,
        "holding": 10970.416636922915
      }
    },
    "can_order": {
      "cost": 22498.9341581043,
      "pct_std_error": 0.007085763566842129,
      "std_error": 1.5942212795027535,
      "cost_breakdown": {
        "variable": 2517.419165003428,
        "backlog": 434.9852612036833,
        "fixed": 7886.580925711462,
        "holding": 11659.948806185716
      }
    },
    "periodic_RS": {
      "cost": 25762.848035853673,
      "pct_std_error": 0.011141567764282486,
      "std_error": 2.8703851719237563,
      "cost_breakdown": {
        "variable": 2512.263370790918,
        "backlog": 3836.278297769945,
        "fixed": 7272.395794434359,
        "holding": 12141.910572858458
      }
    }
  }
}