{
  "relative_differences": {
    "vs_periodic_RS": {
      "pct_difference": 10.0854,
      "pct_se": 0.0517
    },
    "vs_aggregate_QS": {
      "pct_difference": 2.8827,
      "pct_se": 0.0481
    },
    "vs_individual_sS": {
      "pct_difference": 26.4201,
      "pct_se": 0.059
    },
    "vs_hybrid_RQS": {
      "pct_difference": 2.8828,
      "pct_se": 0.0481
    },
    "vs_mdp": {
      "pct_difference": -0.0072,
      "pct_se": 0.0467
    },
    "vs_can_order": {
      "pct_difference": 3.7857,
      "pct_se": 0.0484
    }
  },
  "instance_name": "2D_CaseLMM",
  "timestamp": "2026-05-16T15:21:16.014",
  "simulation_settings": {
    "benchmark_iterations": 100000,
    "nn_iterations": 1000,
    "seed": 777,
    "time_horizon": 10000
  },
  "neural_network": {
    "cost": 2606.9658206600047,
    "method": "solve_inf",
    "pct_std_error": 0.046457277604135795,
    "epsilon": -1.25,
    "z_star": [
      35,
      19
    ],
    "std_error": 1.2111253483489552,
    "training_hyperparameters": {
      "lambda_rate": 1.1437566643335662,
      "T_horizon": 0.1,
      "nu_radius": 0.05,
      "beta_final": 1.0e6,
      "cost_scaling": 0.1,
      "alpha_factor": 0.0
    },
    "cost_breakdown": {
      "variable": 245.87304880925643,
      "backlog": 96.4714183664701,
      "fixed": 1159.2866033290966,
      "holding": 1105.3347501551805
    }
  },
  "benchmarks": {
    "individual_sS": {
      "cost": 3295.7300823928426,
      "pct_std_error": 0.004623315936909041,
      "std_error": 0.15237201413677376,
      "cost_breakdown": {
        "variable": 248.14650241563103,
        "backlog": 39.97478876987565,
        "fixed": 1567.5591048200567,
        "holding": 1440.0496863872781
      }
    },
    "aggregate_QS": {
      "cost": 2682.1158111282025,
      "pct_std_error": 0.005604381651869284,
      "std_error": 0.150316006400754,
      "cost_breakdown": {
        "variable": 245.95781775642257,
        "backlog": 149.9640188343238,
        "fixed": 1166.827211994941,
        "holding": 1119.3667625425153
      }
    },
    "hybrid_RQS": {
      "cost": 2682.1190317617215,
      "pct_std_error": 0.005604109997922826,
      "std_error": 0.15030890081514955,
      "cost_breakdown": {
        "variable": 245.9578266434533,
        "backlog": 149.96345928287062,
        "fixed": 1166.8292199752111,
        "holding": 1119.368525860187
      }
    },
    "mdp": {
      "cost": 2606.777620191615,
      "pct_std_error": 0.004654683291006381,
      "std_error": 0.12133724232075287,
      "cost_breakdown": {
        "variable": 245.91659889641295,
        "backlog": 87.59640467915986,
        "fixed": 1164.245479207983,
        "holding": 1109.0191374080591
      }
    },
    "can_order": {
      "cost": 2705.658044780602,
      "pct_std_error": 0.004509815862450205,
      "std_error": 0.12202019568717565,
      "cost_breakdown": {
        "variable": 247.3990083619609,
        "backlog": 32.338820632933064,
        "fixed": 1206.623590049615,
        "holding": 1219.2966257360927
      }
    },
    "periodic_RS": {
      "cost": 2869.8891991327228,
      "pct_std_error": 0.006610782567232782,
      "std_error": 0.18972213487516254,
      "cost_breakdown": {
        "variable": 246.5090407167031,
        "backlog": 215.5760993570575,
        "fixed": 1155.5440451461554,
        "holding": 1252.260013912805
      }
    }
  }
}