{
  "relative_differences": {
    "vs_periodic_RS": {
      "pct_difference": 2.1276,
      "pct_se": 0.0808
    },
    "vs_aggregate_QS": {
      "pct_difference": 0.9281,
      "pct_se": 0.0798
    },
    "vs_individual_sS": {
      "pct_difference": 129.1399,
      "pct_se": 0.1813
    },
    "vs_hybrid_RQS": {
      "pct_difference": 0.9078,
      "pct_se": 0.0798
    },
    "vs_can_order": {
      "pct_difference": 7.5955,
      "pct_se": 0.0851
    }
  },
  "instance_name": "12D_CaseLMM",
  "timestamp": "2026-05-13T02:57:02.036",
  "simulation_settings": {
    "benchmark_iterations": 100000,
    "nn_iterations": 100,
    "seed": 777,
    "time_horizon": 10000
  },
  "neural_network": {
    "cost": 11752.227575613646,
    "method": "find_stationary",
    "pct_std_error": 0.07907262392627197,
    "epsilon": -20.0,
    "z_star": [
      22,
      19,
      22,
      22,
      22,
      12,
      12,
      12,
      16,
      12,
      12,
      12
    ],
    "std_error": 9.292794713824609,
    "training_hyperparameters": {
      "lambda_rate": 2.052771362863713,
      "T_horizon": 0.1,
      "nu_radius": 0.2,
      "beta_final": 1.0e6,
      "cost_scaling": 0.1,
      "alpha_factor": 0.2
    },
    "cost_breakdown": {
      "variable": 2448.6484654978767,
      "backlog": 836.4777534300596,
      "fixed": 4127.673680037443,
      "holding": 4339.427676648265
    }
  },
  "benchmarks": {
    "individual_sS": {
      "cost": 26929.041634342393,
      "pct_std_error": 0.002901373224777451,
      "std_error": 0.7813120036679823,
      "cost_breakdown": {
        "variable": 2510.7767348289262,
        "backlog": 566.9970430774149,
        "fixed": 12754.426047896352,
        "holding": 11096.841808539686
      }
    },
    "aggregate_QS": {
      "cost": 11861.295141858112,
      "pct_std_error": 0.0025598772347646924,
      "std_error": 0.30363459408467625,
      "cost_breakdown": {
        "variable": 2446.4474618537747,
        "backlog": 872.5561488874307,
        "fixed": 4150.6014578366,
        "holding": 4391.690073280305
      }
    },
    "hybrid_RQS": {
      "cost": 11858.9122257967,
      "pct_std_error": 0.0026212744786593693,
      "std_error": 0.3108546396214246,
      "cost_breakdown": {
        "variable": 2446.200369877694,
        "backlog": 916.5754371654457,
        "fixed": 4102.239776956475,
        "holding": 4393.896641797083
      }
    },
    "can_order": {
      "cost": 12644.867659535279,
      "pct_std_error": 0.002771793599897099,
      "std_error": 0.35048963250245696,
      "cost_breakdown": {
        "variable": 2455.7896268843024,
        "backlog": 78.15141508280884,
        "fixed": 5041.624206725209,
        "holding": 5069.302410842958
      }
    },
    "periodic_RS": {
      "cost": 12002.264952864833,
      "pct_std_error": 0.0025387932031516866,
      "std_error": 0.30471268684758934,
      "cost_breakdown": {
        "variable": 2446.6981655903614,
        "backlog": 923.5265934269817,
        "fixed": 4209.926189882244,
        "holding": 4422.114003965226
      }
    }
  }
}