{
  "relative_differences": {
    "vs_periodic_RS": {
      "pct_difference": 0.5914,
      "pct_se": 0.078
    },
    "vs_aggregate_QS": {
      "pct_difference": -0.4252,
      "pct_se": 0.0773
    },
    "vs_individual_sS": {
      "pct_difference": 146.1891,
      "pct_se": 0.1911
    },
    "vs_hybrid_RQS": {
      "pct_difference": -0.4239,
      "pct_se": 0.0773
    },
    "vs_can_order": {
      "pct_difference": 7.8343,
      "pct_se": 0.0837
    }
  },
  "instance_name": "12D_CaseLHM",
  "timestamp": "2026-05-13T02:43:01.331",
  "simulation_settings": {
    "benchmark_iterations": 100000,
    "nn_iterations": 100,
    "seed": 777,
    "time_horizon": 10000
  },
  "neural_network": {
    "cost": 15254.11566085633,
    "method": "find_stationary",
    "pct_std_error": 0.07754189731681113,
    "epsilon": -25.0,
    "z_star": [
      32,
      28,
      32,
      32,
      32,
      17,
      17,
      17,
      23,
      17,
      17,
      17
    ],
    "std_error": 11.828330702328822,
    "training_hyperparameters": {
      "lambda_rate": 1.3513485051494853,
      "T_horizon": 0.1,
      "nu_radius": 1.0,
      "beta_final": 1.0e6,
      "cost_scaling": 0.1,
      "alpha_factor": 0.0
    },
    "cost_breakdown": {
      "variable": 2462.5832914200782,
      "backlog": 1471.7638124788698,
      "fixed": 5359.051814493124,
      "holding": 5960.716742464243
    }
  },
  "benchmarks": {
    "individual_sS": {
      "cost": 37553.96441927897,
      "pct_std_error": 0.003287163400093565,
      "std_error": 1.2344601736746983,
      "cost_breakdown": {
        "variable": 2556.267727691587,
        "backlog": 620.7443114080802,
        "fixed": 18453.349748053293,
        "holding": 15923.602632126001
      }
    },
    "aggregate_QS": {
      "cost": 15189.255042235565,
      "pct_std_error": 0.002665850518123009,
      "std_error": 0.40492283424246206,
      "cost_breakdown": {
        "variable": 2461.44914823507,
        "backlog": 1112.0258873857815,
        "fixed": 5495.740007688849,
        "holding": 6120.03999892586
      }
    },
    "hybrid_RQS": {
      "cost": 15189.452302744894,
      "pct_std_error": 0.0026703559180860995,
      "std_error": 0.4056124384912136,
      "cost_breakdown": {
        "variable": 2461.074629682274,
        "backlog": 1145.7984574255365,
        "fixed": 5561.186228314013,
        "holding": 6021.3929873230645
      }
    },
    "can_order": {
      "cost": 16449.161974586536,
      "pct_std_error": 0.002966248081966513,
      "std_error": 0.48792295157073806,
      "cost_breakdown": {
        "variable": 2473.283789088599,
        "backlog": 55.04232455400535,
        "fixed": 7019.958260082104,
        "holding": 6900.877600861826
      }
    },
    "periodic_RS": {
      "cost": 15344.333989019702,
      "pct_std_error": 0.0026606822118051443,
      "std_error": 0.40826396496581796,
      "cost_breakdown": {
        "variable": 2461.9114785511465,
        "backlog": 1134.9464870491934,
        "fixed": 5573.932660419751,
        "holding": 6173.543362999599
      }
    }
  }
}