{
  "relative_differences": {
    "vs_periodic_RS": {
      "pct_difference": 8.0362,
      "pct_se": 0.2134
    },
    "vs_aggregate_QS": {
      "pct_difference": 0.891,
      "pct_se": 0.1992
    },
    "vs_individual_sS": {
      "pct_difference": 51.0181,
      "pct_se": 0.2982
    },
    "vs_hybrid_RQS": {
      "pct_difference": 0.891,
      "pct_se": 0.1992
    },
    "vs_can_order": {
      "pct_difference": 16.1561,
      "pct_se": 0.2294
    }
  },
  "instance_name": "12D_CaseMLL",
  "timestamp": "2026-05-13T03:19:46.084",
  "simulation_settings": {
    "benchmark_iterations": 100000,
    "nn_iterations": 100,
    "seed": 777,
    "time_horizon": 10000
  },
  "neural_network": {
    "cost": 8110.750047352972,
    "method": "find_stationary",
    "pct_std_error": 0.19739946586471135,
    "epsilon": -15.0,
    "z_star": [
      7,
      7,
      8,
      5,
      7,
      3,
      5,
      4,
      6,
      4,
      4,
      4
    ],
    "std_error": 16.01057727109659,
    "training_hyperparameters": {
      "lambda_rate": 5.744244655534447,
      "T_horizon": 0.1,
      "nu_radius": 0.1,
      "beta_final": 1.0e6,
      "cost_scaling": 0.1,
      "alpha_factor": 0.0
    },
    "cost_breakdown": {
      "variable": 2422.9245987821064,
      "backlog": 1901.488471426967,
      "fixed": 2167.1570203275724,
      "holding": 1619.1799568163194
    }
  },
  "benchmarks": {
    "individual_sS": {
      "cost": 12248.701842525592,
      "pct_std_error": 0.00479197481964996,
      "std_error": 0.5869547080278271,
      "cost_breakdown": {
        "variable": 2440.2316611906103,
        "backlog": 886.0517682365474,
        "fixed": 5260.235352347454,
        "holding": 3662.1830607509814
      }
    },
    "aggregate_QS": {
      "cost": 8183.014335340502,
      "pct_std_error": 0.005643078484427876,
      "std_error": 0.4617739213352486,
      "cost_breakdown": {
        "variable": 2419.0439182927657,
        "backlog": 1768.2309306628358,
        "fixed": 2307.7418087693236,
        "holding": 1687.9976776155777
      }
    },
    "hybrid_RQS": {
      "cost": 8183.018994404065,
      "pct_std_error": 0.005643028971136522,
      "std_error": 0.4617701325678259,
      "cost_breakdown": {
        "variable": 2419.043933098297,
        "backlog": 1768.2298059127497,
        "fixed": 2307.746363684258,
        "holding": 1687.9988917087583
      }
    },
    "can_order": {
      "cost": 9421.129067526861,
      "pct_std_error": 0.00576396251847338,
      "std_error": 0.5430303482692489,
      "cost_breakdown": {
        "variable": 2444.2228093834747,
        "backlog": 296.8407642295246,
        "fixed": 2750.044993016993,
        "holding": 3930.0205008968665
      }
    },
    "periodic_RS": {
      "cost": 8762.543345629807,
      "pct_std_error": 0.005756062472400917,
      "std_error": 0.5043774691456611,
      "cost_breakdown": {
        "variable": 2419.15998324861,
        "backlog": 2182.7739628777344,
        "fixed": 2320.9718893719223,
        "holding": 1839.6375101315423
      }
    }
  }
}