{
  "relative_differences": {
    "vs_periodic_RS": {
      "pct_difference": 0.7219,
      "pct_se": 0.0558
    },
    "vs_aggregate_QS": {
      "pct_difference": 0.3981,
      "pct_se": 0.0556
    },
    "vs_individual_sS": {
      "pct_difference": 299.0962,
      "pct_se": 0.2211
    },
    "vs_hybrid_RQS": {
      "pct_difference": 0.399,
      "pct_se": 0.0556
    },
    "vs_can_order": {
      "pct_difference": 20.3196,
      "pct_se": 0.0667
    }
  },
  "instance_name": "50D_CaseLH",
  "timestamp": "2026-05-13T07:00:38.327",
  "simulation_settings": {
    "benchmark_iterations": 100000,
    "nn_iterations": 100,
    "seed": 777,
    "time_horizon": 10000
  },
  "neural_network": {
    "cost": 36305.633190211694,
    "method": "solve_inf",
    "pct_std_error": 0.05533369341831698,
    "epsilon": -5.0,
    "z_star": [
      22,
      22,
      22,
      22,
      22,
      22,
      22,
      22,
      22,
      22,
      22,
      22,
      22,
      22,
      22,
      12,
      12,
      12,
      12,
      12,
      12,
      12,
      12,
      12,
      12,
      12,
      12,
      12,
      12,
      12,
      7,
      7,
      7,
      7,
      7,
      7,
      7,
      7,
      7,
      7,
      7,
      7,
      7,
      7,
      7,
      7,
      7,
      7,
      7,
      7
    ],
    "std_error": 20.089247763050473,
    "training_hyperparameters": {
      "lambda_rate": 2.5618794920507937,
      "T_horizon": 0.2,
      "nu_radius": 0.4,
      "beta_final": 1.0e6,
      "cost_scaling": 0.01,
      "alpha_factor": 0.0
    },
    "cost_breakdown": {
      "variable": 5072.675923299296,
      "backlog": 3707.0167696464055,
      "fixed": 12740.84527840283,
      "holding": 14785.095218863136
    }
  },
  "benchmarks": {
    "individual_sS": {
      "cost": 144894.39007472008,
      "pct_std_error": 0.002873586182395623,
      "std_error": 4.163665172253571,
      "cost_breakdown": {
        "variable": 5299.734325663763,
        "backlog": 1556.434633240025,
        "fixed": 78413.42830845207,
        "holding": 59624.792807364196
      }
    },
    "aggregate_QS": {
      "cost": 36450.17199416143,
      "pct_std_error": 0.0015876599996790528,
      "std_error": 0.5787048005655175,
      "cost_breakdown": {
        "variable": 5076.040374520353,
        "backlog": 3506.692133158989,
        "fixed": 12922.021526594242,
        "holding": 14945.41795988784
      }
    },
    "hybrid_RQS": {
      "cost": 36450.4959748768,
      "pct_std_error": 0.0016094809724494594,
      "std_error": 0.5866637970790982,
      "cost_breakdown": {
        "variable": 5075.769615632208,
        "backlog": 3627.600762807671,
        "fixed": 12851.042762306548,
        "holding": 14896.082834130375
      }
    },
    "can_order": {
      "cost": 43682.78247909274,
      "pct_std_error": 0.0028652583675614707,
      "std_error": 1.2516245801658807,
      "cost_breakdown": {
        "variable": 5122.097961694785,
        "backlog": 151.5445954738232,
        "fixed": 14382.595843274847,
        "holding": 24026.544078649273
      }
    },
    "periodic_RS": {
      "cost": 36567.72824380617,
      "pct_std_error": 0.0015096555382192976,
      "std_error": 0.5520467346336021,
      "cost_breakdown": {
        "variable": 5076.721654608415,
        "backlog": 3293.856129343686,
        "fixed": 13124.541917184308,
        "holding": 15072.608542669746
      }
    }
  }
}