{
  "relative_differences": {
    "vs_periodic_RS": {
      "pct_difference": 15.5426,
      "pct_se": 0.2032
    },
    "vs_aggregate_QS": {
      "pct_difference": 4.8983,
      "pct_se": 0.1845
    },
    "vs_individual_sS": {
      "pct_difference": 59.3983,
      "pct_se": 0.2803
    },
    "vs_hybrid_RQS": {
      "pct_difference": 4.8974,
      "pct_se": 0.1845
    },
    "vs_can_order": {
      "pct_difference": 22.4363,
      "pct_se": 0.2153
    }
  },
  "instance_name": "50D_CaseHM",
  "timestamp": "2026-05-13T09:17:20.526",
  "simulation_settings": {
    "benchmark_iterations": 100000,
    "nn_iterations": 100,
    "seed": 777,
    "time_horizon": 10000
  },
  "neural_network": {
    "cost": 72719.95294887929,
    "method": "find_stationary",
    "pct_std_error": 0.17577892472164186,
    "epsilon": -15.0,
    "z_star": [
      20,
      20,
      20,
      20,
      20,
      20,
      20,
      20,
      20,
      20,
      20,
      20,
      20,
      20,
      19,
      12,
      12,
      12,
      12,
      12,
      12,
      12,
      12,
      12,
      12,
      12,
      12,
      12,
      12,
      12,
      7,
      7,
      7,
      7,
      7,
      7,
      7,
      7,
      7,
      7,
      7,
      7,
      7,
      7,
      7,
      7,
      7,
      7,
      7,
      7
    ],
    "std_error": 127.82635135162391,
    "training_hyperparameters": {
      "lambda_rate": 8.446313568643136,
      "T_horizon": 0.05,
      "nu_radius": 0.2,
      "beta_final": 1.0e6,
      "cost_scaling": 0.01,
      "alpha_factor": 0.0
    },
    "cost_breakdown": {
      "variable": 5093.702157063629,
      "backlog": 22705.638230751953,
      "fixed": 23193.4981735196,
      "holding": 21727.11438754405
    }
  },
  "benchmarks": {
    "individual_sS": {
      "cost": 115914.39649389444,
      "pct_std_error": 0.004170470047109305,
      "std_error": 4.834175186065386,
      "cost_breakdown": {
        "variable": 5210.25074089902,
        "backlog": 7458.820592343769,
        "fixed": 61402.34295312031,
        "holding": 41842.98220753141
      }
    },
    "aggregate_QS": {
      "cost": 76281.97865012177,
      "pct_std_error": 0.005416522059833977,
      "std_error": 4.131830201261691,
      "cost_breakdown": {
        "variable": 5108.894182813985,
        "backlog": 23544.77538091283,
        "fixed": 25421.59268583721,
        "holding": 22206.716400557736
      }
    },
    "hybrid_RQS": {
      "cost": 76281.35770673724,
      "pct_std_error": 0.0054254691614825275,
      "std_error": 4.138621538339204,
      "cost_breakdown": {
        "variable": 5108.904244523556,
        "backlog": 23691.394770758616,
        "fixed": 25266.464465573186,
        "holding": 22214.594225881876
      }
    },
    "can_order": {
      "cost": 89035.58477491207,
      "pct_std_error": 0.0053598261468568355,
      "std_error": 4.772152552772621,
      "cost_breakdown": {
        "variable": 5252.9380863345505,
        "backlog": 3752.029088629806,
        "fixed": 29794.89999420289,
        "holding": 50235.717605744765
      }
    },
    "periodic_RS": {
      "cost": 84022.54155617057,
      "pct_std_error": 0.0055695039061697165,
      "std_error": 4.679638734033993,
      "cost_breakdown": {
        "variable": 5119.798184309834,
        "backlog": 28252.579258891466,
        "fixed": 26073.336318892376,
        "holding": 24576.827794076933
      }
    }
  }
}