{
  "relative_differences": {
    "vs_periodic_RS": {
      "pct_difference": 0.5207,
      "pct_se": 0.0619
    },
    "vs_aggregate_QS": {
      "pct_difference": -0.0539,
      "pct_se": 0.0615
    },
    "vs_individual_sS": {
      "pct_difference": 169.87,
      "pct_se": 0.1662
    },
    "vs_hybrid_RQS": {
      "pct_difference": -0.0539,
      "pct_se": 0.0615
    },
    "vs_can_order": {
      "pct_difference": 14.3679,
      "pct_se": 0.0704
    }
  },
  "instance_name": "12D_CaseLHL",
  "timestamp": "2026-05-13T02:56:58.587",
  "simulation_settings": {
    "benchmark_iterations": 100000,
    "nn_iterations": 100,
    "seed": 777,
    "time_horizon": 10000
  },
  "neural_network": {
    "cost": 13082.894981182271,
    "method": "find_stationary",
    "pct_std_error": 0.06149789168519457,
    "epsilon": -25.0,
    "z_star": [
      28,
      24,
      28,
      28,
      28,
      14,
      14,
      14,
      20,
      14,
      14,
      14
    ],
    "std_error": 8.04570458481523,
    "training_hyperparameters": {
      "lambda_rate": 1.2090413358664134,
      "T_horizon": 0.1,
      "nu_radius": 0.8,
      "beta_final": 1.0e6,
      "cost_scaling": 0.1,
      "alpha_factor": 0.2
    },
    "cost_breakdown": {
      "variable": 2442.895888703817,
      "backlog": 1658.512967886895,
      "fixed": 4875.645345110002,
      "holding": 4105.840779481563
    }
  },
  "benchmarks": {
    "individual_sS": {
      "cost": 35306.81403521731,
      "pct_std_error": 0.0032147717873887323,
      "std_error": 1.1350334966299713,
      "cost_breakdown": {
        "variable": 2527.473189441479,
        "backlog": 2791.7731268266307,
        "fixed": 16637.864922494136,
        "holding": 13349.702796455049
      }
    },
    "aggregate_QS": {
      "cost": 13075.842641953439,
      "pct_std_error": 0.0019778255974533814,
      "std_error": 0.25861736285527964,
      "cost_breakdown": {
        "variable": 2440.8588099922686,
        "backlog": 1554.8289187491118,
        "fixed": 4926.504893331681,
        "holding": 4153.650019880378
      }
    },
    "hybrid_RQS": {
      "cost": 13075.84709845508,
      "pct_std_error": 0.0019778270116894837,
      "std_error": 0.25861763592046016,
      "cost_breakdown": {
        "variable": 2440.8591326988508,
        "backlog": 1554.7719820656782,
        "fixed": 4926.539628784124,
        "holding": 4153.676354906425
      }
    },
    "can_order": {
      "cost": 14962.632695187787,
      "pct_std_error": 0.0029133876279502126,
      "std_error": 0.43591948975723444,
      "cost_breakdown": {
        "variable": 2475.9353561534917,
        "backlog": 203.63188761519044,
        "fixed": 5178.941684038096,
        "holding": 7104.123767381007
      }
    },
    "periodic_RS": {
      "cost": 13151.022086800609,
      "pct_std_error": 0.002014950193821199,
      "std_error": 0.26498654502745755,
      "cost_breakdown": {
        "variable": 2440.803433759351,
        "backlog": 1613.4548816755728,
        "fixed": 4937.575015468293,
        "holding": 4159.188755897398
      }
    }
  }
}