{
  "relative_differences": {
    "vs_periodic_RS": {
      "pct_difference": 7.1827,
      "pct_se": 0.0973
    },
    "vs_aggregate_QS": {
      "pct_difference": 3.8626,
      "pct_se": 0.0943
    },
    "vs_individual_sS": {
      "pct_difference": 75.3264,
      "pct_se": 0.1591
    },
    "vs_hybrid_RQS": {
      "pct_difference": 3.8943,
      "pct_se": 0.0943
    },
    "vs_can_order": {
      "pct_difference": 14.7106,
      "pct_se": 0.1042
    }
  },
  "instance_name": "50D_CaseML",
  "timestamp": "2026-05-13T09:33:03.381",
  "simulation_settings": {
    "benchmark_iterations": 100000,
    "nn_iterations": 100,
    "seed": 777,
    "time_horizon": 10000
  },
  "neural_network": {
    "cost": 36287.51877234202,
    "method": "solve_inf",
    "pct_std_error": 0.09072621895569259,
    "epsilon": -2.5,
    "z_star": [
      17,
      17,
      17,
      17,
      17,
      17,
      17,
      17,
      17,
      17,
      17,
      17,
      17,
      17,
      17,
      9,
      9,
      9,
      9,
      9,
      9,
      9,
      9,
      9,
      9,
      9,
      9,
      9,
      9,
      9,
      5,
      5,
      5,
      5,
      5,
      5,
      5,
      5,
      5,
      5,
      5,
      5,
      5,
      5,
      5,
      5,
      5,
      5,
      5,
      5
    ],
    "std_error": 32.92229373498307,
    "training_hyperparameters": {
      "lambda_rate": 8.914510628937105,
      "T_horizon": 0.2,
      "nu_radius": 0.4,
      "beta_final": 100000.0,
      "cost_scaling": 0.01,
      "alpha_factor": 0.0
    },
    "cost_breakdown": {
      "variable": 5080.8210955903605,
      "backlog": 7018.195217598125,
      "fixed": 8947.96817176018,
      "holding": 15240.534287393342
    }
  },
  "benchmarks": {
    "individual_sS": {
      "cost": 63621.60520603119,
      "pct_std_error": 0.002479034663680506,
      "std_error": 1.5772016466474748,
      "cost_breakdown": {
        "variable": 5100.731645737977,
        "backlog": 4311.110932307793,
        "fixed": 34278.501308610066,
        "holding": 19931.26131937545
      }
    },
    "aggregate_QS": {
      "cost": 37689.1708069525,
      "pct_std_error": 0.003309320186610114,
      "std_error": 1.247255337680445,
      "cost_breakdown": {
        "variable": 5078.420348042118,
        "backlog": 8055.363398591588,
        "fixed": 8938.465296186183,
        "holding": 15616.9217641326
      }
    },
    "hybrid_RQS": {
      "cost": 37700.67859261268,
      "pct_std_error": 0.003376222180011397,
      "std_error": 1.2728586726585982,
      "cost_breakdown": {
        "variable": 5077.968923232683,
        "backlog": 8422.70351931013,
        "fixed": 8658.713051762797,
        "holding": 15541.293098307062
      }
    },
    "can_order": {
      "cost": 41625.62331034353,
      "pct_std_error": 0.0035223082565206446,
      "std_error": 1.4661827666884122,
      "cost_breakdown": {
        "variable": 5112.552667488564,
        "backlog": 1409.3021326231626,
        "fixed": 12923.399339202926,
        "holding": 22180.369171028877
      }
    },
    "periodic_RS": {
      "cost": 38893.936756740186,
      "pct_std_error": 0.003542114264960004,
      "std_error": 1.3776676820650162,
      "cost_breakdown": {
        "variable": 5080.665069446678,
        "backlog": 9017.524495108488,
        "fixed": 8691.112128865396,
        "holding": 16104.6350633196
      }
    }
  }
}