{
  "relative_differences": {
    "vs_periodic_RS": {
      "pct_difference": 22.445,
      "pct_se": 0.3749
    },
    "vs_aggregate_QS": {
      "pct_difference": -0.5015,
      "pct_se": 0.3046
    },
    "vs_individual_sS": {
      "pct_difference": 31.2086,
      "pct_se": 0.4016
    },
    "vs_hybrid_RQS": {
      "pct_difference": -0.5012,
      "pct_se": 0.3046
    },
    "vs_can_order": {
      "pct_difference": 19.0614,
      "pct_se": 0.3645
    }
  },
  "instance_name": "12D_CaseHLL",
  "timestamp": "2026-05-21T12:10:56.495",
  "simulation_settings": {
    "benchmark_iterations": 100000,
    "nn_iterations": 100,
    "seed": 777,
    "time_horizon": 10000
  },
  "neural_network": {
    "cost": 8465.576999702354,
    "method": "solve_inf",
    "pct_std_error": 0.30599026564752296,
    "epsilon": -7.5,
    "z_star": [
      5,
      3,
      4,
      3,
      3,
      2,
      2,
      2,
      2,
      2,
      2,
      2
    ],
    "std_error": 25.90384154998484,
    "training_hyperparameters": {
      "lambda_rate": 7.542007519248074,
      "T_horizon": 0.05,
      "nu_radius": 0.8,
      "beta_final": 1.0e6,
      "cost_scaling": 0.1,
      "alpha_factor": 0.0
    },
    "cost_breakdown": {
      "variable": 2410.984965949863,
      "backlog": 2238.4823143453727,
      "fixed": 2802.0143451892986,
      "holding": 1014.0953742178224
    }
  },
  "benchmarks": {
    "individual_sS": {
      "cost": 11107.563268784643,
      "pct_std_error": 0.008736263820563686,
      "std_error": 0.9703860311970538,
      "cost_breakdown": {
        "variable": 2424.801247523866,
        "backlog": 1394.9414310077543,
        "fixed": 5175.387379254033,
        "holding": 2112.4332109989996
      }
    },
    "aggregate_QS": {
      "cost": 8423.121285285477,
      "pct_std_error": 0.009995317512659273,
      "std_error": 0.8419177169406701,
      "cost_breakdown": {
        "variable": 2406.6642983373586,
        "backlog": 2452.333832343464,
        "fixed": 3029.3208479202663,
        "holding": 534.8023066843851
      }
    },
    "hybrid_RQS": {
      "cost": 8423.144797911471,
      "pct_std_error": 0.009995069425690064,
      "std_error": 0.8418991703776526,
      "cost_breakdown": {
        "variable": 2406.664382667958,
        "backlog": 2452.3112469524194,
        "fixed": 3029.363087297185,
        "holding": 534.8060809939064
      }
    },
    "can_order": {
      "cost": 10079.235073018193,
      "pct_std_error": 0.009695867410493308,
      "std_error": 0.9772692686717823,
      "cost_breakdown": {
        "variable": 2433.575022703956,
        "backlog": 835.4014108271076,
        "fixed": 3934.0866180423714,
        "holding": 2876.1720214447546
      }
    },
    "periodic_RS": {
      "cost": 10365.673700813484,
      "pct_std_error": 0.010345444654195634,
      "std_error": 1.0723750357521713,
      "cost_breakdown": {
        "variable": 2404.3850645439834,
        "backlog": 3998.0652681310653,
        "fixed": 3446.508213334037,
        "holding": 516.7151548043881
      }
    }
  }
}