{
  "relative_differences": {
    "vs_periodic_RS": {
      "pct_difference": 5.2145,
      "pct_se": 0.1143
    },
    "vs_aggregate_QS": {
      "pct_difference": 3.1132,
      "pct_se": 0.112
    },
    "vs_individual_sS": {
      "pct_difference": 136.0228,
      "pct_se": 0.2563
    },
    "vs_hybrid_RQS": {
      "pct_difference": 3.1039,
      "pct_se": 0.112
    },
    "vs_can_order": {
      "pct_difference": 20.1586,
      "pct_se": 0.1305
    }
  },
  "instance_name": "50D_CaseMM",
  "timestamp": "2026-05-13T09:35:05.260",
  "simulation_settings": {
    "benchmark_iterations": 100000,
    "nn_iterations": 100,
    "seed": 777,
    "time_horizon": 10000
  },
  "neural_network": {
    "cost": 48528.694347614844,
    "method": "find_stationary",
    "pct_std_error": 0.10854675434895154,
    "epsilon": -10.0,
    "z_star": [
      27,
      27,
      27,
      26,
      26,
      26,
      27,
      26,
      27,
      27,
      27,
      27,
      27,
      26,
      27,
      14,
      14,
      14,
      14,
      14,
      14,
      14,
      14,
      14,
      14,
      14,
      14,
      14,
      14,
      14,
      7,
      7,
      7,
      7,
      7,
      7,
      7,
      7,
      7,
      7,
      7,
      7,
      7,
      7,
      7,
      7,
      7,
      7,
      7,
      7
    ],
    "std_error": 52.67632264225902,
    "training_hyperparameters": {
      "lambda_rate": 4.363381301869813,
      "T_horizon": 0.1,
      "nu_radius": 0.1,
      "beta_final": 1.0e6,
      "cost_scaling": 0.01,
      "alpha_factor": 0.2
    },
    "cost_breakdown": {
      "variable": 5110.579587727235,
      "backlog": 9255.58140499281,
      "fixed": 12878.367261854348,
      "holding": 21284.166093040454
    }
  },
  "benchmarks": {
    "individual_sS": {
      "cost": 114538.79805385439,
      "pct_std_error": 0.002876244487900165,
      "std_error": 3.294415865531089,
      "cost_breakdown": {
        "variable": 5228.322650566629,
        "backlog": 2938.6407469198607,
        "fixed": 60966.67789601265,
        "holding": 45405.15676035535
      }
    },
    "aggregate_QS": {
      "cost": 50039.50227729185,
      "pct_std_error": 0.0037677990563944265,
      "std_error": 1.88538789462827,
      "cost_breakdown": {
        "variable": 5109.359983610318,
        "backlog": 9889.465503495703,
        "fixed": 13159.89966652738,
        "holding": 21880.777123658427
      }
    },
    "hybrid_RQS": {
      "cost": 50034.977895525255,
      "pct_std_error": 0.003742760295357925,
      "std_error": 1.8726892864648335,
      "cost_breakdown": {
        "variable": 5108.912543967234,
        "backlog": 9769.125143581092,
        "fixed": 13370.50297896284,
        "holding": 21786.43722901407
      }
    },
    "can_order": {
      "cost": 58311.41526854248,
      "pct_std_error": 0.003819179423764155,
      "std_error": 2.2270175736418443,
      "cost_breakdown": {
        "variable": 5186.392381691603,
        "backlog": 523.7293122419023,
        "fixed": 15682.287054084816,
        "holding": 36919.006520524155
      }
    },
    "periodic_RS": {
      "cost": 51059.19900659712,
      "pct_std_error": 0.0039424039349506956,
      "std_error": 2.0129598707903913,
      "cost_breakdown": {
        "variable": 5110.7852141693775,
        "backlog": 10676.796693006454,
        "fixed": 13074.27886952294,
        "holding": 22197.338229898327
      }
    }
  }
}