{
  "relative_differences": {
    "vs_periodic_RS": {
      "pct_difference": 4.7718,
      "pct_se": 0.2352
    },
    "vs_aggregate_QS": {
      "pct_difference": 0.6086,
      "pct_se": 0.2258
    },
    "vs_individual_sS": {
      "pct_difference": 94.1396,
      "pct_se": 0.4357
    },
    "vs_hybrid_RQS": {
      "pct_difference": 0.6086,
      "pct_se": 0.2258
    },
    "vs_can_order": {
      "pct_difference": 19.6526,
      "pct_se": 0.2686
    }
  },
  "instance_name": "12D_CaseMML",
  "timestamp": "2026-05-13T03:09:04.770",
  "simulation_settings": {
    "benchmark_iterations": 100000,
    "nn_iterations": 100,
    "seed": 777,
    "time_horizon": 10000
  },
  "neural_network": {
    "cost": 13087.533971669483,
    "method": "find_stationary",
    "pct_std_error": 0.22435984123520114,
    "epsilon": -25.0,
    "z_star": [
      19,
      17,
      19,
      19,
      18,
      10,
      10,
      10,
      13,
      10,
      10,
      10
    ],
    "std_error": 29.363170440440665,
    "training_hyperparameters": {
      "lambda_rate": 2.0352413158684133,
      "T_horizon": 0.1,
      "nu_radius": 0.8,
      "beta_final": 1.0e6,
      "cost_scaling": 0.1,
      "alpha_factor": 0.0
    },
    "cost_breakdown": {
      "variable": 2442.209693835082,
      "backlog": 2027.2334015657384,
      "fixed": 4696.844400444432,
      "holding": 3921.246475824226
    }
  },
  "benchmarks": {
    "individual_sS": {
      "cost": 25408.082347249452,
      "pct_std_error": 0.0047622502024170085,
      "std_error": 1.2099964530121672,
      "cost_breakdown": {
        "variable": 2487.4886126398123,
        "backlog": 2052.107901657829,
        "fixed": 11887.102395402502,
        "holding": 8981.38343754929
      }
    },
    "aggregate_QS": {
      "cost": 13167.186779010426,
      "pct_std_error": 0.0059856853043713494,
      "std_error": 0.7881463640303543,
      "cost_breakdown": {
        "variable": 2435.592092254336,
        "backlog": 2795.5480842945753,
        "fixed": 4117.618181394675,
        "holding": 3818.428421066834
      }
    },
    "hybrid_RQS": {
      "cost": 13167.185694743237,
      "pct_std_error": 0.005985723846057112,
      "std_error": 0.7881513739848668,
      "cost_breakdown": {
        "variable": 2435.5922271718373,
        "backlog": 2795.5250054690355,
        "fixed": 4117.631539085954,
        "holding": 3818.436923016404
      }
    },
    "can_order": {
      "cost": 15659.568618093363,
      "pct_std_error": 0.006626037077059906,
      "std_error": 1.0376088227425038,
      "cost_breakdown": {
        "variable": 2481.593559119119,
        "backlog": 267.71734630588116,
        "fixed": 5093.821002027667,
        "holding": 7816.436710640692
      }
    },
    "periodic_RS": {
      "cost": 13712.049927110216,
      "pct_std_error": 0.006326357794975643,
      "std_error": 0.8674733394146892,
      "cost_breakdown": {
        "variable": 2436.103562500373,
        "backlog": 3243.6359027629774,
        "fixed": 4049.9407885441146,
        "holding": 3982.369673302738
      }
    }
  }
}