{
  "relative_differences": {
    "vs_periodic_RS": {
      "pct_difference": 20.9175,
      "pct_se": 0.2583
    },
    "vs_aggregate_QS": {
      "pct_difference": 11.0646,
      "pct_se": 0.2372
    },
    "vs_individual_sS": {
      "pct_difference": 59.0687,
      "pct_se": 0.3395
    },
    "vs_hybrid_RQS": {
      "pct_difference": 11.1684,
      "pct_se": 0.2374
    },
    "vs_can_order": {
      "pct_difference": 2.1556,
      "pct_se": 0.2181
    }
  },
  "instance_name": "12D_CaseMMH",
  "timestamp": "2026-05-13T03:34:20.913",
  "simulation_settings": {
    "benchmark_iterations": 100000,
    "nn_iterations": 100,
    "seed": 777,
    "time_horizon": 10000
  },
  "neural_network": {
    "cost": 17658.49111800101,
    "method": "find_stationary",
    "pct_std_error": 0.2133630144772437,
    "epsilon": -30.0,
    "z_star": [
      32,
      29,
      32,
      32,
      32,
      22,
      22,
      22,
      26,
      22,
      22,
      22
    ],
    "std_error": 37.67668896056329,
    "training_hyperparameters": {
      "lambda_rate": 2.64710104989501,
      "T_horizon": 0.1,
      "nu_radius": 0.8,
      "beta_final": 1.0e6,
      "cost_scaling": 0.1,
      "alpha_factor": 0.4
    },
    "cost_breakdown": {
      "variable": 2499.157338059222,
      "backlog": 1337.1463456894992,
      "fixed": 4539.793124967483,
      "holding": 9282.394309284791
    }
  },
  "benchmarks": {
    "individual_sS": {
      "cost": 28089.127895125035,
      "pct_std_error": 0.004909606235381455,
      "std_error": 1.3790655746033302,
      "cost_breakdown": {
        "variable": 2516.1925760449712,
        "backlog": 1177.4732879421347,
        "fixed": 12676.004529583774,
        "holding": 11719.45750155414
      }
    },
    "aggregate_QS": {
      "cost": 19612.333267173628,
      "pct_std_error": 0.008644347018124946,
      "std_error": 1.6953581459656506,
      "cost_breakdown": {
        "variable": 2484.4637166321977,
        "backlog": 2713.454213810649,
        "fixed": 5687.710962727139,
        "holding": 8726.704374003646
      }
    },
    "hybrid_RQS": {
      "cost": 19630.655195858046,
      "pct_std_error": 0.008478408293372609,
      "std_error": 1.6643670981690095,
      "cost_breakdown": {
        "variable": 2482.944289557477,
        "backlog": 2669.4441422886025,
        "fixed": 5932.425571178717,
        "holding": 8545.84119283325
      }
    },
    "can_order": {
      "cost": 18039.137697184957,
      "pct_std_error": 0.006393215143874029,
      "std_error": 1.1532808830807173,
      "cost_breakdown": {
        "variable": 2498.2611010726932,
        "backlog": 511.6298693033068,
        "fixed": 5348.085451088746,
        "holding": 9681.161275720204
      }
    },
    "periodic_RS": {
      "cost": 21352.205048247684,
      "pct_std_error": 0.010462423166268829,
      "std_error": 2.233958047477088,
      "cost_breakdown": {
        "variable": 2493.6449533796454,
        "backlog": 3335.1525458919878,
        "fixed": 5523.472618959444,
        "holding": 9999.934930016616
      }
    }
  }
}