{
  "relative_differences": {
    "vs_periodic_RS": {
      "pct_difference": 118.1785,
      "pct_se": 0.4977
    },
    "vs_aggregate_QS": {
      "pct_difference": 7.4384,
      "pct_se": 0.2433
    },
    "vs_individual_sS": {
      "pct_difference": 5.8151,
      "pct_se": 0.2396
    },
    "vs_hybrid_RQS": {
      "pct_difference": 7.4384,
      "pct_se": 0.2433
    },
    "vs_mdp": {
      "pct_difference": -0.6908,
      "pct_se": 0.225
    },
    "vs_can_order": {
      "pct_difference": -0.0851,
      "pct_se": 0.2263
    }
  },
  "instance_name": "2D_CaseHMM",
  "timestamp": "2026-05-19T19:34:20.803",
  "simulation_settings": {
    "benchmark_iterations": 100000,
    "nn_iterations": 1000,
    "seed": 777,
    "time_horizon": 10000
  },
  "neural_network": {
    "cost": 3236.716802959294,
    "method": "find_stationary",
    "pct_std_error": 0.22539476481102907,
    "epsilon": -1.0,
    "z_star": [
      29,
      20
    ],
    "std_error": 7.29539022562916,
    "training_hyperparameters": {
      "lambda_rate": 1.183700629937006,
      "T_horizon": 0.05,
      "nu_radius": 1.0,
      "beta_final": 1.0e6,
      "cost_scaling": 0.1,
      "alpha_factor": 0.0
    },
    "cost_breakdown": {
      "variable": 247.5738814363994,
      "backlog": 417.5098886952697,
      "fixed": 1198.6488926890306,
      "holding": 1372.984140138592
    }
  },
  "benchmarks": {
    "individual_sS": {
      "cost": 3424.9347569972806,
      "pct_std_error": 0.021635970370483443,
      "std_error": 0.7410178692323207,
      "cost_breakdown": {
        "variable": 247.1314958535996,
        "backlog": 474.82184949627145,
        "fixed": 1458.740788301292,
        "holding": 1244.2406233461177
      }
    },
    "aggregate_QS": {
      "cost": 3477.4763525564786,
      "pct_std_error": 0.022084329015381703,
      "std_error": 0.7679773191306678,
      "cost_breakdown": {
        "variable": 247.0722952906904,
        "backlog": 564.3357148714556,
        "fixed": 1486.626273424325,
        "holding": 1179.4420689700123
      }
    },
    "hybrid_RQS": {
      "cost": 3477.4763525564786,
      "pct_std_error": 0.022084329015381703,
      "std_error": 0.7679773191306678,
      "cost_breakdown": {
        "variable": 247.0722952906904,
        "backlog": 564.3357148714556,
        "fixed": 1486.626273424325,
        "holding": 1179.4420689700123
      }
    },
    "mdp": {
      "cost": 3214.358507121294,
      "pct_std_error": 0.02295484891596727,
      "std_error": 0.7378511389272342,
      "cost_breakdown": {
        "variable": 246.9304310859882,
        "backlog": 464.92890541421593,
        "fixed": 1271.5512111226528,
        "holding": 1230.9479594984382
      }
    },
    "can_order": {
      "cost": 3233.963232800416,
      "pct_std_error": 0.022365952613174648,
      "std_error": 0.7233066841756319,
      "cost_breakdown": {
        "variable": 247.9065082826992,
        "backlog": 418.09347910184033,
        "fixed": 1207.4895612113526,
        "holding": 1360.4736842045218
      }
    },
    "periodic_RS": {
      "cost": 7061.818732168091,
      "pct_std_error": 0.035027081676950525,
      "std_error": 2.4735490151947093,
      "cost_breakdown": {
        "variable": 253.18940073549905,
        "backlog": 1770.4138015596357,
        "fixed": 2352.5750491531385,
        "holding": 2685.6404807198332
      }
    }
  }
}