{
  "relative_differences": {
    "vs_periodic_RS": {
      "pct_difference": 3.8308,
      "pct_se": 0.0724
    },
    "vs_aggregate_QS": {
      "pct_difference": 2.1287,
      "pct_se": 0.0712
    },
    "vs_individual_sS": {
      "pct_difference": 74.6515,
      "pct_se": 0.1218
    },
    "vs_hybrid_RQS": {
      "pct_difference": 2.1279,
      "pct_se": 0.0712
    },
    "vs_can_order": {
      "pct_difference": 3.6252,
      "pct_se": 0.0722
    }
  },
  "instance_name": "12D_CaseLLH",
  "timestamp": "2026-05-13T02:55:39.461",
  "simulation_settings": {
    "benchmark_iterations": 100000,
    "nn_iterations": 100,
    "seed": 777,
    "time_horizon": 10000
  },
  "neural_network": {
    "cost": 7524.606338280581,
    "method": "find_stationary",
    "pct_std_error": 0.06968148788564814,
    "epsilon": -7.5,
    "z_star": [
      12,
      11,
      12,
      12,
      12,
      7,
      7,
      7,
      9,
      7,
      7,
      7
    ],
    "std_error": 5.243257654051695,
    "training_hyperparameters": {
      "lambda_rate": 4.7467020497950205,
      "T_horizon": 0.1,
      "nu_radius": 0.8,
      "beta_final": 1.0e6,
      "cost_scaling": 0.1,
      "alpha_factor": 0.2
    },
    "cost_breakdown": {
      "variable": 2434.3346391565246,
      "backlog": 622.315851690324,
      "fixed": 1764.7812057390759,
      "holding": 2703.1746416946553
    }
  },
  "benchmarks": {
    "individual_sS": {
      "cost": 13141.838521768694,
      "pct_std_error": 0.0024674512231240234,
      "std_error": 0.3242684553463657,
      "cost_breakdown": {
        "variable": 2453.790606270153,
        "backlog": 175.0379758309784,
        "fixed": 5518.036526807565,
        "holding": 4994.973412860002
      }
    },
    "aggregate_QS": {
      "cost": 7684.784389147918,
      "pct_std_error": 0.0026924523970880366,
      "std_error": 0.20690916149666036,
      "cost_breakdown": {
        "variable": 2432.9997371537393,
        "backlog": 490.39698589838684,
        "fixed": 1907.6658097948002,
        "holding": 2853.721856300991
      }
    },
    "hybrid_RQS": {
      "cost": 7684.722714977229,
      "pct_std_error": 0.002773874153451977,
      "std_error": 0.21316453715520642,
      "cost_breakdown": {
        "variable": 2432.8335227198636,
        "backlog": 533.2179919329685,
        "fixed": 1883.0608295547008,
        "holding": 2835.610370769694
      }
    },
    "can_order": {
      "cost": 7797.388393007353,
      "pct_std_error": 0.002141688767757677,
      "std_error": 0.16699579139147933,
      "cost_breakdown": {
        "variable": 2440.358290735361,
        "backlog": 62.495185712951944,
        "fixed": 1819.3143432081145,
        "holding": 3475.2205733509277
      }
    },
    "periodic_RS": {
      "cost": 7812.862619700266,
      "pct_std_error": 0.0030640918396128013,
      "std_error": 0.23939328597039475,
      "cost_breakdown": {
        "variable": 2432.796557593213,
        "backlog": 645.6850114516667,
        "fixed": 1900.8011505002892,
        "holding": 2833.579900155095
      }
    }
  }
}