{
  "relative_differences": {
    "vs_periodic_RS": {
      "pct_difference": 0.8737,
      "pct_se": 0.0495
    },
    "vs_aggregate_QS": {
      "pct_difference": 0.4703,
      "pct_se": 0.0493
    },
    "vs_individual_sS": {
      "pct_difference": 178.7134,
      "pct_se": 0.1367
    },
    "vs_hybrid_RQS": {
      "pct_difference": 0.462,
      "pct_se": 0.0492
    },
    "vs_can_order": {
      "pct_difference": 25.04,
      "pct_se": 0.0613
    }
  },
  "instance_name": "50D_CaseLL",
  "timestamp": "2026-05-13T05:28:52.435",
  "simulation_settings": {
    "benchmark_iterations": 100000,
    "nn_iterations": 100,
    "seed": 777,
    "time_horizon": 10000
  },
  "neural_network": {
    "cost": 21874.047292993368,
    "method": "solve_inf",
    "pct_std_error": 0.04899918611130925,
    "epsilon": -1.25,
    "z_star": [
      11,
      11,
      11,
      11,
      11,
      11,
      11,
      11,
      11,
      11,
      11,
      11,
      11,
      11,
      11,
      6,
      6,
      6,
      6,
      6,
      6,
      6,
      6,
      6,
      6,
      6,
      6,
      6,
      6,
      6,
      4,
      4,
      4,
      4,
      4,
      4,
      4,
      4,
      4,
      4,
      4,
      4,
      4,
      4,
      4,
      4,
      4,
      4,
      4,
      4
    ],
    "std_error": 10.718105143169623,
    "training_hyperparameters": {
      "lambda_rate": 5.872242335766425,
      "T_horizon": 0.2,
      "nu_radius": 0.4,
      "beta_final": 1.0e6,
      "cost_scaling": 0.01,
      "alpha_factor": 0.0
    },
    "cost_breakdown": {
      "variable": 5041.897703836482,
      "backlog": 2415.2247706245735,
      "fixed": 5841.702994744637,
      "holding": 8575.221823787644
    }
  },
  "benchmarks": {
    "individual_sS": {
      "cost": 60965.90994673317,
      "pct_std_error": 0.002036239365459405,
      "std_error": 1.2414118578459117,
      "cost_breakdown": {
        "variable": 5099.583753398485,
        "backlog": 1676.131321537649,
        "fixed": 34607.368216553725,
        "holding": 19582.826655243363
      }
    },
    "aggregate_QS": {
      "cost": 21976.91430396531,
      "pct_std_error": 0.0014413965507121557,
      "std_error": 0.3167744847303223,
      "cost_breakdown": {
        "variable": 5044.940065765225,
        "backlog": 2360.2775588449235,
        "fixed": 5894.7746106990335,
        "holding": 8676.922068656117
      }
    },
    "hybrid_RQS": {
      "cost": 21975.104625250362,
      "pct_std_error": 0.001425298860509413,
      "std_error": 0.31321091581944477,
      "cost_breakdown": {
        "variable": 5045.0363843801615,
        "backlog": 2314.183244449225,
        "fixed": 5921.534175556223,
        "holding": 8694.350820864742
      }
    },
    "can_order": {
      "cost": 27351.315355397328,
      "pct_std_error": 0.0021408414693497493,
      "std_error": 0.5855483015409718,
      "cost_breakdown": {
        "variable": 5064.597969371702,
        "backlog": 53.81203934468822,
        "fixed": 9715.032416920943,
        "holding": 12517.87292975999
      }
    },
    "periodic_RS": {
      "cost": 22065.159327478184,
      "pct_std_error": 0.0015291199061435703,
      "std_error": 0.3374027435987637,
      "cost_breakdown": {
        "variable": 5044.538837848788,
        "backlog": 2611.6833236165517,
        "fixed": 5802.4297839556,
        "holding": 8606.507382057243
      }
    }
  }
}