{
  "relative_differences": {
    "vs_periodic_RS": {
      "pct_difference": 40.5367,
      "pct_se": 0.3776
    },
    "vs_aggregate_QS": {
      "pct_difference": 5.7522,
      "pct_se": 0.284
    },
    "vs_individual_sS": {
      "pct_difference": 24.6565,
      "pct_se": 0.3347
    },
    "vs_hybrid_RQS": {
      "pct_difference": 5.7526,
      "pct_se": 0.284
    },
    "vs_can_order": {
      "pct_difference": 2.5082,
      "pct_se": 0.2753
    }
  },
  "instance_name": "12D_CaseHMM",
  "timestamp": "2026-05-13T03:02:49.170",
  "simulation_settings": {
    "benchmark_iterations": 100000,
    "nn_iterations": 100,
    "seed": 777,
    "time_horizon": 10000
  },
  "neural_network": {
    "cost": 22180.68443012268,
    "method": "find_stationary",
    "pct_std_error": 0.2683314401518335,
    "epsilon": -2.5,
    "z_star": [
      33,
      31,
      33,
      33,
      33,
      26,
      26,
      26,
      29,
      26,
      26,
      26
    ],
    "std_error": 59.517749966881695,
    "training_hyperparameters": {
      "lambda_rate": 3.538746885311469,
      "T_horizon": 0.1,
      "nu_radius": 1.0,
      "beta_final": 100000.0,
      "cost_scaling": 0.1,
      "alpha_factor": 0.0
    },
    "cost_breakdown": {
      "variable": 2515.369013565609,
      "backlog": 1954.3488369271477,
      "fixed": 5996.636035247032,
      "holding": 11714.330544382907
    }
  },
  "benchmarks": {
    "individual_sS": {
      "cost": 27649.668842246396,
      "pct_std_error": 0.008673015815746744,
      "std_error": 2.3980601516896294,
      "cost_breakdown": {
        "variable": 2501.6579915591533,
        "backlog": 2365.0982769630937,
        "fixed": 12685.65820646411,
        "holding": 10097.254367260028
      }
    },
    "aggregate_QS": {
      "cost": 23456.564858741993,
      "pct_std_error": 0.010511707039003466,
      "std_error": 2.4656853793647953,
      "cost_breakdown": {
        "variable": 2472.2496998413617,
        "backlog": 5130.596176825026,
        "fixed": 8607.109210227765,
        "holding": 7246.609771847852
      }
    },
    "hybrid_RQS": {
      "cost": 23456.651389967446,
      "pct_std_error": 0.010511212812713786,
      "std_error": 2.465578546335865,
      "cost_breakdown": {
        "variable": 2472.2497606001407,
        "backlog": 5130.621223366501,
        "fixed": 8607.164534963586,
        "holding": 7246.615871037232
      }
    },
    "can_order": {
      "cost": 22737.02395291623,
      "pct_std_error": 0.010016167637949555,
      "std_error": 2.2773784350048345,
      "cost_breakdown": {
        "variable": 2518.0069907846855,
        "backlog": 1471.001870349437,
        "fixed": 7128.282910117636,
        "holding": 11619.73218166446
      }
    },
    "periodic_RS": {
      "cost": 31172.006945398418,
      "pct_std_error": 0.013735524763900641,
      "std_error": 4.281638733390028,
      "cost_breakdown": {
        "variable": 2496.8776917737155,
        "backlog": 9256.748008506687,
        "fixed": 8715.523888394628,
        "holding": 10702.857356723373
      }
    }
  }
}