{
  "relative_differences": {
    "vs_periodic_RS": {
      "pct_difference": 2.5848,
      "pct_se": 0.0727
    },
    "vs_aggregate_QS": {
      "pct_difference": 1.121,
      "pct_se": 0.0716
    },
    "vs_individual_sS": {
      "pct_difference": 79.6713,
      "pct_se": 0.1272
    },
    "vs_hybrid_RQS": {
      "pct_difference": 1.1177,
      "pct_se": 0.0716
    },
    "vs_can_order": {
      "pct_difference": 7.018,
      "pct_se": 0.0758
    }
  },
  "instance_name": "12D_CaseLLM",
  "timestamp": "2026-05-13T02:56:12.548",
  "simulation_settings": {
    "benchmark_iterations": 100000,
    "nn_iterations": 100,
    "seed": 777,
    "time_horizon": 10000
  },
  "neural_network": {
    "cost": 7209.340057403775,
    "method": "find_stationary",
    "pct_std_error": 0.07077922792641955,
    "epsilon": -7.5,
    "z_star": [
      11,
      10,
      11,
      11,
      11,
      6,
      6,
      6,
      8,
      6,
      6,
      6
    ],
    "std_error": 5.102715231220484,
    "training_hyperparameters": {
      "lambda_rate": 4.746702049795022,
      "T_horizon": 0.1,
      "nu_radius": 0.8,
      "beta_final": 1.0e6,
      "cost_scaling": 0.1,
      "alpha_factor": 0.0
    },
    "cost_breakdown": {
      "variable": 2429.9685495011504,
      "backlog": 672.2564845827776,
      "fixed": 1821.9882556542902,
      "holding": 2285.1267676655534
    }
  },
  "benchmarks": {
    "individual_sS": {
      "cost": 12953.114293455443,
      "pct_std_error": 0.002494651588633035,
      "std_error": 0.32313507149913895,
      "cost_breakdown": {
        "variable": 2450.5460170247825,
        "backlog": 395.66074936097414,
        "fixed": 5449.315581703074,
        "holding": 4657.591945366617
      }
    },
    "aggregate_QS": {
      "cost": 7290.157381543508,
      "pct_std_error": 0.002472082161294471,
      "std_error": 0.18021868015942916,
      "cost_breakdown": {
        "variable": 2428.1997371537395,
        "backlog": 567.8622366760436,
        "fixed": 1907.6658097948002,
        "holding": 2386.429597918925
      }
    },
    "hybrid_RQS": {
      "cost": 7289.915750627372,
      "pct_std_error": 0.0025183995456948367,
      "std_error": 0.18358920514533608,
      "cost_breakdown": {
        "variable": 2428.033522719864,
        "backlog": 609.6867264931853,
        "fixed": 1883.0608295547008,
        "holding": 2369.134671859622
      }
    },
    "can_order": {
      "cost": 7715.295100272449,
      "pct_std_error": 0.002218931259075658,
      "std_error": 0.171197094709878,
      "cost_breakdown": {
        "variable": 2436.5344783116543,
        "backlog": 38.98090043811946,
        "fixed": 2197.5018419821113,
        "holding": 3042.2778795405607
      }
    },
    "periodic_RS": {
      "cost": 7395.688297582858,
      "pct_std_error": 0.0026675212279977586,
      "std_error": 0.19728155529456878,
      "cost_breakdown": {
        "variable": 2427.996557593213,
        "backlog": 698.4838439369613,
        "fixed": 1900.8011505002892,
        "holding": 2368.4067455524005
      }
    }
  }
}