{
  "relative_differences": {
    "vs_periodic_RS": {
      "pct_difference": 56.5922,
      "pct_se": 0.2049
    },
    "vs_aggregate_QS": {
      "pct_difference": 11.8531,
      "pct_se": 0.1437
    },
    "vs_individual_sS": {
      "pct_difference": 14.5451,
      "pct_se": 0.1469
    },
    "vs_hybrid_RQS": {
      "pct_difference": 11.8531,
      "pct_se": 0.1437
    },
    "vs_mdp": {
      "pct_difference": -0.0368,
      "pct_se": 0.1283
    },
    "vs_can_order": {
      "pct_difference": 0.1908,
      "pct_se": 0.1286
    }
  },
  "instance_name": "2D_CaseMMH",
  "timestamp": "2026-05-16T15:26:12.749",
  "simulation_settings": {
    "benchmark_iterations": 100000,
    "nn_iterations": 1000,
    "seed": 777,
    "time_horizon": 10000
  },
  "neural_network": {
    "cost": 3071.2560911898345,
    "method": "solve_inf",
    "pct_std_error": 0.12773644085740493,
    "epsilon": -1.25,
    "z_star": [
      37,
      22
    ],
    "std_error": 3.9231132205021497,
    "training_hyperparameters": {
      "lambda_rate": 1.1294336566343364,
      "T_horizon": 0.05,
      "nu_radius": 0.4,
      "beta_final": 1.0e7,
      "cost_scaling": 0.1,
      "alpha_factor": 0.0
    },
    "cost_breakdown": {
      "variable": 247.93345577490638,
      "backlog": 222.45188100174863,
      "fixed": 1171.919070042062,
      "holding": 1428.9516843711167
    }
  },
  "benchmarks": {
    "individual_sS": {
      "cost": 3517.9729852146043,
      "pct_std_error": 0.011365825400177264,
      "std_error": 0.39984666712489586,
      "cost_breakdown": {
        "variable": 248.39730986182482,
        "backlog": 270.4268842490011,
        "fixed": 1492.459575355694,
        "holding": 1506.6892157480834
      }
    },
    "aggregate_QS": {
      "cost": 3435.2938076777746,
      "pct_std_error": 0.014009080949914411,
      "std_error": 0.48125309038497655,
      "cost_breakdown": {
        "variable": 249.2929149192901,
        "backlog": 290.2616049957044,
        "fixed": 1298.9039093647011,
        "holding": 1596.8353783980783
      }
    },
    "hybrid_RQS": {
      "cost": 3435.2938076777746,
      "pct_std_error": 0.014009080949914411,
      "std_error": 0.48125309038497655,
      "cost_breakdown": {
        "variable": 249.2929149192901,
        "backlog": 290.2616049957044,
        "fixed": 1298.9039093647011,
        "holding": 1596.8353783980783
      }
    },
    "mdp": {
      "cost": 3070.125051386325,
      "pct_std_error": 0.012604995367268895,
      "std_error": 0.38698912049660805,
      "cost_breakdown": {
        "variable": 247.75343155731582,
        "backlog": 223.11583591461473,
        "fixed": 1172.6894219196506,
        "holding": 1426.5663619947427
      }
    },
    "can_order": {
      "cost": 3077.115583832237,
      "pct_std_error": 0.0125876402891732,
      "std_error": 0.3873362409748938,
      "cost_breakdown": {
        "variable": 248.270308396466,
        "backlog": 225.8520476829696,
        "fixed": 1153.007448196322,
        "holding": 1449.9857795564787
      }
    },
    "periodic_RS": {
      "cost": 4809.34823664816,
      "pct_std_error": 0.0282684492669018,
      "std_error": 1.3595281663455214,
      "cost_breakdown": {
        "variable": 252.0489317433535,
        "backlog": 682.0442853086766,
        "fixed": 1469.4874219493931,
        "holding": 2405.767597646747
      }
    }
  }
}