{
  "relative_differences": {
    "vs_periodic_RS": {
      "pct_difference": 3.3626,
      "pct_se": 0.0963
    },
    "vs_aggregate_QS": {
      "pct_difference": 1.9332,
      "pct_se": 0.0949
    },
    "vs_individual_sS": {
      "pct_difference": 120.9414,
      "pct_se": 0.2057
    },
    "vs_hybrid_RQS": {
      "pct_difference": 1.9338,
      "pct_se": 0.0949
    },
    "vs_can_order": {
      "pct_difference": 6.6703,
      "pct_se": 0.0993
    }
  },
  "instance_name": "12D_CaseLMH",
  "timestamp": "2026-05-13T03:00:30.915",
  "simulation_settings": {
    "benchmark_iterations": 100000,
    "nn_iterations": 100,
    "seed": 777,
    "time_horizon": 10000
  },
  "neural_network": {
    "cost": 12229.825023962603,
    "method": "find_stationary",
    "pct_std_error": 0.09307079448276721,
    "epsilon": -20.0,
    "z_star": [
      23,
      21,
      23,
      23,
      23,
      13,
      13,
      13,
      17,
      13,
      13,
      13
    ],
    "std_error": 11.382395313654271,
    "training_hyperparameters": {
      "lambda_rate": 2.0776014798520146,
      "T_horizon": 0.1,
      "nu_radius": 0.4,
      "beta_final": 1.0e6,
      "cost_scaling": 0.1,
      "alpha_factor": 0.0
    },
    "cost_breakdown": {
      "variable": 2453.8238696085,
      "backlog": 737.0031232304797,
      "fixed": 4169.594716072742,
      "holding": 4869.403315050884
    }
  },
  "benchmarks": {
    "individual_sS": {
      "cost": 27020.75029695956,
      "pct_std_error": 0.0028542537833237016,
      "std_error": 0.7712407876334186,
      "cost_breakdown": {
        "variable": 2515.4839358718664,
        "backlog": 349.5119811596127,
        "fixed": 12594.714728973117,
        "holding": 11561.039650954952
      }
    },
    "aggregate_QS": {
      "cost": 12466.245928463803,
      "pct_std_error": 0.0031160677604536026,
      "std_error": 0.38845667031572045,
      "cost_breakdown": {
        "variable": 2451.694636226825,
        "backlog": 880.1536645775819,
        "fixed": 4200.1689889457575,
        "holding": 4934.228638713636
      }
    },
    "hybrid_RQS": {
      "cost": 12466.31993608971,
      "pct_std_error": 0.0031159605396141174,
      "std_error": 0.3884456099506033,
      "cost_breakdown": {
        "variable": 2451.695898729471,
        "backlog": 879.8920105889795,
        "fixed": 4200.363068574985,
        "holding": 4934.368958196274
      }
    },
    "can_order": {
      "cost": 13045.591451994513,
      "pct_std_error": 0.0025341825377797524,
      "std_error": 0.330599100526533,
      "cost_breakdown": {
        "variable": 2468.165096641742,
        "backlog": 28.752936484230226,
        "fixed": 4180.202338971899,
        "holding": 6368.471079896641
      }
    },
    "periodic_RS": {
      "cost": 12641.059720208212,
      "pct_std_error": 0.0031570364089842868,
      "std_error": 0.39908285784842046,
      "cost_breakdown": {
        "variable": 2452.4981655903616,
        "backlog": 895.2752741715626,
        "fixed": 4209.926189882244,
        "holding": 5083.36009056403
      }
    }
  }
}