{
  "relative_differences": {
    "vs_periodic_RS": {
      "pct_difference": 28.0288,
      "pct_se": 0.2886
    },
    "vs_aggregate_QS": {
      "pct_difference": 11.0584,
      "pct_se": 0.2503
    },
    "vs_individual_sS": {
      "pct_difference": 29.2366,
      "pct_se": 0.2912
    },
    "vs_hybrid_RQS": {
      "pct_difference": 11.0587,
      "pct_se": 0.2503
    },
    "vs_can_order": {
      "pct_difference": 3.56,
      "pct_se": 0.2334
    }
  },
  "instance_name": "12D_CaseMLH",
  "timestamp": "2026-05-13T03:12:24.593",
  "simulation_settings": {
    "benchmark_iterations": 100000,
    "nn_iterations": 100,
    "seed": 777,
    "time_horizon": 10000
  },
  "neural_network": {
    "cost": 11459.155781845022,
    "method": "find_stationary",
    "pct_std_error": 0.22524860135629488,
    "epsilon": -12.5,
    "z_star": [
      18,
      16,
      18,
      18,
      18,
      11,
      11,
      11,
      14,
      11,
      11,
      11
    ],
    "std_error": 25.811588125844906,
    "training_hyperparameters": {
      "lambda_rate": 6.935726307369264,
      "T_horizon": 0.1,
      "nu_radius": 0.1,
      "beta_final": 1.0e6,
      "cost_scaling": 0.1,
      "alpha_factor": 0.19999999999999998
    },
    "cost_breakdown": {
      "variable": 2460.1762141312643,
      "backlog": 1440.2600334157169,
      "fixed": 2226.7730283520136,
      "holding": 5331.946505946021
    }
  },
  "benchmarks": {
    "individual_sS": {
      "cost": 14809.426719376223,
      "pct_std_error": 0.005376096302299108,
      "std_error": 0.7961690422520812,
      "cost_breakdown": {
        "variable": 2458.6660305714495,
        "backlog": 1738.1144377876503,
        "fixed": 4991.880823276663,
        "holding": 5620.7654277404545
      }
    },
    "aggregate_QS": {
      "cost": 12726.35617953655,
      "pct_std_error": 0.00671018061761337,
      "std_error": 0.8539614856877029,
      "cost_breakdown": {
        "variable": 2451.0844671166947,
        "backlog": 2103.8061424378475,
        "fixed": 3221.764727487556,
        "holding": 4949.70084249444
      }
    },
    "hybrid_RQS": {
      "cost": 12726.389812660054,
      "pct_std_error": 0.006710028128405447,
      "std_error": 0.853944336160015,
      "cost_breakdown": {
        "variable": 2451.0845264311038,
        "backlog": 2103.8112942048947,
        "fixed": 3221.7873589150963,
        "holding": 4949.706633108948
      }
    },
    "can_order": {
      "cost": 11867.098472372072,
      "pct_std_error": 0.006110716384780693,
      "std_error": 0.7251647307492994,
      "cost_breakdown": {
        "variable": 2458.313308849659,
        "backlog": 999.693418365947,
        "fixed": 2787.1345428712625,
        "holding": 5621.957202285192
      }
    },
    "periodic_RS": {
      "cost": 14671.016959421888,
      "pct_std_error": 0.008963415000032018,
      "std_error": 1.3150241347980627,
      "cost_breakdown": {
        "variable": 2463.6666470688047,
        "backlog": 2703.6850909936607,
        "fixed": 2981.24028191604,
        "holding": 6522.42493944337
      }
    }
  }
}