{
  "relative_differences": {
    "vs_periodic_RS": {
      "pct_difference": 21.5622,
      "pct_se": 0.2481
    },
    "vs_aggregate_QS": {
      "pct_difference": 7.523,
      "pct_se": 0.2194
    },
    "vs_individual_sS": {
      "pct_difference": 30.8212,
      "pct_se": 0.2669
    },
    "vs_hybrid_RQS": {
      "pct_difference": 7.5232,
      "pct_se": 0.2194
    },
    "vs_can_order": {
      "pct_difference": 1.863,
      "pct_se": 0.2078
    }
  },
  "instance_name": "12D_CaseMLM",
  "timestamp": "2026-05-13T03:09:20.389",
  "simulation_settings": {
    "benchmark_iterations": 100000,
    "nn_iterations": 100,
    "seed": 777,
    "time_horizon": 10000
  },
  "neural_network": {
    "cost": 10522.380838844212,
    "method": "find_stationary",
    "pct_std_error": 0.20395433605322275,
    "epsilon": -12.5,
    "z_star": [
      15,
      14,
      15,
      15,
      15,
      10,
      10,
      10,
      12,
      10,
      10,
      10
    ],
    "std_error": 21.46085197685624,
    "training_hyperparameters": {
      "lambda_rate": 6.873791140885912,
      "T_horizon": 0.1,
      "nu_radius": 0.2,
      "beta_final": 1.0e6,
      "cost_scaling": 0.1,
      "alpha_factor": 0.4
    },
    "cost_breakdown": {
      "variable": 2453.3796187452854,
      "backlog": 1203.3169672477893,
      "fixed": 2327.2694933111034,
      "holding": 4538.414759540027
    }
  },
  "benchmarks": {
    "individual_sS": {
      "cost": 13765.50253842351,
      "pct_std_error": 0.004968990606337326,
      "std_error": 0.6840065280493904,
      "cost_breakdown": {
        "variable": 2452.612501811739,
        "backlog": 1257.1761007673547,
        "fixed": 5111.745143081095,
        "holding": 4943.9687927633195
      }
    },
    "aggregate_QS": {
      "cost": 11313.979616098626,
      "pct_std_error": 0.006372888703761841,
      "std_error": 0.7210273289002666,
      "cost_breakdown": {
        "variable": 2442.7487768361975,
        "backlog": 2052.1324391958624,
        "fixed": 2826.375866264926,
        "holding": 3992.722533801632
      }
    },
    "hybrid_RQS": {
      "cost": 11313.999250684035,
      "pct_std_error": 0.0063728179228505705,
      "std_error": 0.7210205720387715,
      "cost_breakdown": {
        "variable": 2442.7488133470474,
        "backlog": 2052.1336331198513,
        "fixed": 2826.3903660664623,
        "holding": 3992.726438150667
      }
    },
    "can_order": {
      "cost": 10718.417161236894,
      "pct_std_error": 0.005994254670200783,
      "std_error": 0.6424892212590447,
      "cost_breakdown": {
        "variable": 2450.897077821848,
        "backlog": 770.7069186550203,
        "fixed": 2759.6321842148136,
        "holding": 4737.1809805452085
      }
    },
    "periodic_RS": {
      "cost": 12791.239652277116,
      "pct_std_error": 0.007547559773748495,
      "std_error": 0.9654264585590345,
      "cost_breakdown": {
        "variable": 2446.4666470688044,
        "backlog": 2746.1473899400057,
        "fixed": 2981.24028191604,
        "holding": 4617.3853333522675
      }
    }
  }
}