{
  "relative_differences": {
    "vs_periodic_RS": {
      "pct_difference": 58.3147,
      "pct_se": 0.4741
    },
    "vs_aggregate_QS": {
      "pct_difference": 13.5262,
      "pct_se": 0.3397
    },
    "vs_individual_sS": {
      "pct_difference": 24.1384,
      "pct_se": 0.3714
    },
    "vs_hybrid_RQS": {
      "pct_difference": 13.5277,
      "pct_se": 0.3397
    },
    "vs_can_order": {
      "pct_difference": 1.923,
      "pct_se": 0.305
    }
  },
  "instance_name": "12D_CaseHMH",
  "timestamp": "2026-05-13T03:03:52.020",
  "simulation_settings": {
    "benchmark_iterations": 100000,
    "nn_iterations": 100,
    "seed": 777,
    "time_horizon": 10000
  },
  "neural_network": {
    "cost": 23886.563845017972,
    "method": "find_stationary",
    "pct_std_error": 0.29906651098012904,
    "epsilon": -2.5,
    "z_star": [
      34,
      32,
      34,
      34,
      34,
      24,
      24,
      24,
      28,
      24,
      24,
      24
    ],
    "std_error": 71.4367130843362,
    "training_hyperparameters": {
      "lambda_rate": 3.6013668233176688,
      "T_horizon": 0.2,
      "nu_radius": 1.0,
      "beta_final": 1.0e6,
      "cost_scaling": 0.1,
      "alpha_factor": 0.0
    },
    "cost_breakdown": {
      "variable": 2511.6815235504882,
      "backlog": 3285.316060301829,
      "fixed": 6487.005812358727,
      "holding": 11602.560448806915
    }
  },
  "benchmarks": {
    "individual_sS": {
      "cost": 29652.392723705558,
      "pct_std_error": 0.009281512751426139,
      "std_error": 2.752190611753688,
      "cost_breakdown": {
        "variable": 2512.3373653226877,
        "backlog": 3693.2110446952347,
        "fixed": 12115.053658587627,
        "holding": 11331.79065509999
      }
    },
    "aggregate_QS": {
      "cost": 27117.515963694535,
      "pct_std_error": 0.010876365965278703,
      "std_error": 2.9494002769042917,
      "cost_breakdown": {
        "variable": 2498.06355453463,
        "backlog": 5451.839614547993,
        "fixed": 9305.470329797216,
        "holding": 9862.14246481468
      }
    },
    "hybrid_RQS": {
      "cost": 27117.872480665173,
      "pct_std_error": 0.010875356724448249,
      "std_error": 2.949165368353321,
      "cost_breakdown": {
        "variable": 2498.0638746992963,
        "backlog": 5451.896810413459,
        "fixed": 9305.73692439861,
        "holding": 9862.17487115379
      }
    },
    "can_order": {
      "cost": 24345.90521803635,
      "pct_std_error": 0.011038353179887682,
      "std_error": 2.6873870028075566,
      "cost_breakdown": {
        "variable": 2517.7514063392287,
        "backlog": 2717.358151937345,
        "fixed": 7263.523061087435,
        "holding": 11847.272598672338
      }
    },
    "periodic_RS": {
      "cost": 37815.945671337395,
      "pct_std_error": 0.015993200689454853,
      "std_error": 6.047980083832204,
      "cost_breakdown": {
        "variable": 2543.428726680817,
        "backlog": 9984.155372264227,
        "fixed": 9502.504029782749,
        "holding": 15785.857542609638
      }
    }
  }
}