{
  "relative_differences": {
    "vs_periodic_RS": {
      "pct_difference": 51.821,
      "pct_se": 0.5033
    },
    "vs_aggregate_QS": {
      "pct_difference": 16.3475,
      "pct_se": 0.3854
    },
    "vs_individual_sS": {
      "pct_difference": 34.5639,
      "pct_se": 0.4456
    },
    "vs_hybrid_RQS": {
      "pct_difference": 16.3477,
      "pct_se": 0.3854
    },
    "vs_can_order": {
      "pct_difference": 2.4778,
      "pct_se": 0.3395
    }
  },
  "instance_name": "12D_CaseHHH",
  "timestamp": "2026-05-12T22:09:45.181",
  "simulation_settings": {
    "benchmark_iterations": 100000,
    "nn_iterations": 100,
    "seed": 777,
    "time_horizon": 10000
  },
  "neural_network": {
    "cost": 29768.36603000301,
    "method": "find_stationary",
    "pct_std_error": 0.33105233277325063,
    "epsilon": -30.0,
    "z_star": [
      45,
      43,
      45,
      45,
      45,
      33,
      33,
      33,
      38,
      33,
      33,
      33
    ],
    "std_error": 98.54887017080488,
    "training_hyperparameters": {
      "lambda_rate": 2.5400442755724426,
      "T_horizon": 0.2,
      "nu_radius": 0.8,
      "beta_final": 1.0e6,
      "cost_scaling": 0.1,
      "alpha_factor": 0.0
    },
    "cost_breakdown": {
      "variable": 2547.309541124435,
      "backlog": 2926.929434291136,
      "fixed": 9043.414670991097,
      "holding": 15250.712383596334
    }
  },
  "benchmarks": {
    "individual_sS": {
      "cost": 40057.47791956442,
      "pct_std_error": 0.008871069852087942,
      "std_error": 3.553526847229264,
      "cost_breakdown": {
        "variable": 2557.4108801188813,
        "backlog": 2816.779324038603,
        "fixed": 18604.556011258046,
        "holding": 16078.731704148886
      }
    },
    "aggregate_QS": {
      "cost": 34634.763977808485,
      "pct_std_error": 0.012020049034549883,
      "std_error": 4.1631156131332,
      "cost_breakdown": {
        "variable": 2533.567249636094,
        "backlog": 6272.111128990489,
        "fixed": 12000.017811212265,
        "holding": 13829.06778796965
      }
    },
    "hybrid_RQS": {
      "cost": 34634.81965760411,
      "pct_std_error": 0.012019909148630822,
      "std_error": 4.163073856636142,
      "cost_breakdown": {
        "variable": 2533.567305129396,
        "backlog": 6272.1290099725275,
        "fixed": 12000.049945461864,
        "holding": 13829.07339704033
      }
    },
    "can_order": {
      "cost": 30505.956984776716,
      "pct_std_error": 0.011302513527544451,
      "std_error": 3.4479399149112795,
      "cost_breakdown": {
        "variable": 2555.3061907251767,
        "backlog": 1972.5915496501664,
        "fixed": 10283.010731533699,
        "holding": 15695.048512867688
      }
    },
    "periodic_RS": {
      "cost": 45194.62917641354,
      "pct_std_error": 0.01740350264977273,
      "std_error": 7.86544848627209,
      "cost_breakdown": {
        "variable": 2583.3671612767107,
        "backlog": 10595.476171761044,
        "fixed": 11655.069163489667,
        "holding": 20360.716679886118
      }
    }
  }
}