{
  "relative_differences": {
    "vs_periodic_RS": {
      "pct_difference": 38.1089,
      "pct_se": 0.4141
    },
    "vs_aggregate_QS": {
      "pct_difference": 10.4876,
      "pct_se": 0.3311
    },
    "vs_individual_sS": {
      "pct_difference": 39.6425,
      "pct_se": 0.4184
    },
    "vs_hybrid_RQS": {
      "pct_difference": 10.4876,
      "pct_se": 0.3311
    },
    "vs_can_order": {
      "pct_difference": 5.9249,
      "pct_se": 0.3174
    }
  },
  "instance_name": "12D_CaseHHM",
  "timestamp": "2026-05-12T22:09:35.865",
  "simulation_settings": {
    "benchmark_iterations": 100000,
    "nn_iterations": 100,
    "seed": 777,
    "time_horizon": 10000
  },
  "neural_network": {
    "cost": 27493.09965654539,
    "method": "find_stationary",
    "pct_std_error": 0.2994763632206944,
    "epsilon": -75.0,
    "z_star": [
      40,
      38,
      40,
      40,
      40,
      30,
      30,
      30,
      35,
      30,
      30,
      30
    ],
    "std_error": 82.33533498806335,
    "training_hyperparameters": {
      "lambda_rate": 2.7885503049695037,
      "T_horizon": 0.1,
      "nu_radius": 0.1,
      "beta_final": 1.0e6,
      "cost_scaling": 0.1,
      "alpha_factor": 0.2
    },
    "cost_breakdown": {
      "variable": 2529.586859932769,
      "backlog": 2956.0974753752316,
      "fixed": 8664.325161204359,
      "holding": 13343.090160033014
    }
  },
  "benchmarks": {
    "individual_sS": {
      "cost": 38392.06079245652,
      "pct_std_error": 0.008572065276783586,
      "std_error": 3.2909925122318104,
      "cost_breakdown": {
        "variable": 2546.662522559999,
        "backlog": 1987.157343382615,
        "fixed": 19011.6353827625,
        "holding": 14846.605543751397
      }
    },
    "aggregate_QS": {
      "cost": 30376.45553419203,
      "pct_std_error": 0.01140658918250413,
      "std_error": 3.464917490991325,
      "cost_breakdown": {
        "variable": 2500.3921586723427,
        "backlog": 6171.726200337197,
        "fixed": 11228.711209233708,
        "holding": 10475.625965948771
      }
    },
    "hybrid_RQS": {
      "cost": 30376.467197210903,
      "pct_std_error": 0.011406543748664986,
      "std_error": 3.46490502014873,
      "cost_breakdown": {
        "variable": 2500.3921526118033,
        "backlog": 6171.734218921157,
        "fixed": 11228.7148171751,
        "holding": 10475.62600850283
      }
    },
    "can_order": {
      "cost": 29122.02979391925,
      "pct_std_error": 0.01126617614904828,
      "std_error": 3.280939174761264,
      "cost_breakdown": {
        "variable": 2541.2362486844113,
        "backlog": 1176.874377172661,
        "fixed": 11273.779334874404,
        "holding": 14130.13983318778
      }
    },
    "periodic_RS": {
      "cost": 37970.42411488991,
      "pct_std_error": 0.015033126574215955,
      "std_error": 5.708141917958018,
      "cost_breakdown": {
        "variable": 2533.0672281577645,
        "backlog": 10128.46012029664,
        "fixed": 10499.631639105424,
        "holding": 14809.26512733005
      }
    }
  }
}