{
  "relative_differences": {
    "vs_periodic_RS": {
      "pct_difference": 0.6006,
      "pct_se": 0.059
    },
    "vs_aggregate_QS": {
      "pct_difference": -0.0808,
      "pct_se": 0.0586
    },
    "vs_individual_sS": {
      "pct_difference": 149.1121,
      "pct_se": 0.1462
    },
    "vs_hybrid_RQS": {
      "pct_difference": -0.0806,
      "pct_se": 0.0586
    },
    "vs_can_order": {
      "pct_difference": 15.5347,
      "pct_se": 0.0678
    }
  },
  "instance_name": "12D_CaseLML",
  "timestamp": "2026-05-13T03:02:15.020",
  "simulation_settings": {
    "benchmark_iterations": 100000,
    "nn_iterations": 100,
    "seed": 777,
    "time_horizon": 10000
  },
  "neural_network": {
    "cost": 10164.881030840856,
    "method": "find_stationary",
    "pct_std_error": 0.05861262161198895,
    "epsilon": -20.0,
    "z_star": [
      20,
      17,
      20,
      20,
      20,
      10,
      10,
      10,
      14,
      10,
      10,
      10
    ],
    "std_error": 5.957903255915593,
    "training_hyperparameters": {
      "lambda_rate": 1.732287371262873,
      "T_horizon": 0.1,
      "nu_radius": 0.4,
      "beta_final": 1.0e6,
      "cost_scaling": 0.1,
      "alpha_factor": 0.0
    },
    "cost_breakdown": {
      "variable": 2433.2558274635157,
      "backlog": 1349.5354268507162,
      "fixed": 3429.2237441105344,
      "holding": 2952.866032416086
    }
  },
  "benchmarks": {
    "individual_sS": {
      "cost": 25321.948627248756,
      "pct_std_error": 0.0029131496567790997,
      "std_error": 0.7376662595244771,
      "cost_breakdown": {
        "variable": 2488.8233225796266,
        "backlog": 1968.1859925489723,
        "fixed": 11719.291081012636,
        "holding": 9145.64823110751
      }
    },
    "aggregate_QS": {
      "cost": 10156.66857309494,
      "pct_std_error": 0.0020314713304952466,
      "std_error": 0.20632981019584434,
      "cost_breakdown": {
        "variable": 2431.458258391248,
        "backlog": 1195.0194297582416,
        "fixed": 3509.598661884297,
        "holding": 3020.5922230611527
      }
    },
    "hybrid_RQS": {
      "cost": 10156.684649723125,
      "pct_std_error": 0.002031095135818983,
      "std_error": 0.2062919278809997,
      "cost_breakdown": {
        "variable": 2431.459051381132,
        "backlog": 1194.8970631275474,
        "fixed": 3509.6754656018907,
        "holding": 3020.6530696125556
      }
    },
    "can_order": {
      "cost": 11743.96301414517,
      "pct_std_error": 0.002675415197703044,
      "std_error": 0.31419977129306437,
      "cost_breakdown": {
        "variable": 2463.380679174536,
        "backlog": 171.63026423442562,
        "fixed": 3265.000828808012,
        "holding": 5843.951241928197
      }
    },
    "periodic_RS": {
      "cost": 10225.930412124295,
      "pct_std_error": 0.0020377750123898777,
      "std_error": 0.2083814547226461,
      "cost_breakdown": {
        "variable": 2431.364091888828,
        "backlog": 1256.0563340454516,
        "fixed": 3516.6769564389247,
        "holding": 3021.833029751091
      }
    }
  }
}