{
  "relative_differences": {
    "vs_periodic_RS": {
      "pct_difference": 14.3921,
      "pct_se": 0.2278
    },
    "vs_aggregate_QS": {
      "pct_difference": 5.5855,
      "pct_se": 0.2103
    },
    "vs_individual_sS": {
      "pct_difference": 77.9614,
      "pct_se": 0.3543
    },
    "vs_hybrid_RQS": {
      "pct_difference": 5.5944,
      "pct_se": 0.2103
    },
    "vs_can_order": {
      "pct_difference": 24.3855,
      "pct_se": 0.2477
    }
  },
  "instance_name": "50D_CaseHH",
  "timestamp": "2026-05-13T09:10:24.038",
  "simulation_settings": {
    "benchmark_iterations": 100000,
    "nn_iterations": 100,
    "seed": 777,
    "time_horizon": 10000
  },
  "neural_network": {
    "cost": 85697.69662873182,
    "method": "find_stationary",
    "pct_std_error": 0.1990712946906625,
    "epsilon": -15.0,
    "z_star": [
      27,
      28,
      28,
      28,
      28,
      28,
      28,
      28,
      27,
      28,
      28,
      28,
      28,
      28,
      28,
      16,
      17,
      16,
      17,
      16,
      16,
      16,
      16,
      16,
      16,
      16,
      16,
      16,
      16,
      17,
      9,
      9,
      9,
      9,
      9,
      9,
      9,
      9,
      9,
      9,
      9,
      9,
      9,
      9,
      9,
      9,
      9,
      9,
      9,
      9
    ],
    "std_error": 170.59951419889268,
    "training_hyperparameters": {
      "lambda_rate": 5.88094210578942,
      "T_horizon": 0.05,
      "nu_radius": 0.2,
      "beta_final": 100000.0,
      "cost_scaling": 0.01,
      "alpha_factor": 0.0
    },
    "cost_breakdown": {
      "variable": 5129.016610426041,
      "backlog": 21351.486224847158,
      "fixed": 30478.42326113148,
      "holding": 28738.77053232722
    }
  },
  "benchmarks": {
    "individual_sS": {
      "cost": 152508.80277830974,
      "pct_std_error": 0.004223846168496079,
      "std_error": 6.441737222770877,
      "cost_breakdown": {
        "variable": 5298.392232977533,
        "backlog": 8291.73318134133,
        "fixed": 79406.7708579823,
        "holding": 59511.90650600845
      }
    },
    "aggregate_QS": {
      "cost": 90484.37913267959,
      "pct_std_error": 0.005757422521624359,
      "std_error": 5.209568022736867,
      "cost_breakdown": {
        "variable": 5142.995008118851,
        "backlog": 26649.493029639336,
        "fixed": 29537.996504545783,
        "holding": 29153.894590375614
      }
    },
    "hybrid_RQS": {
      "cost": 90491.97457003563,
      "pct_std_error": 0.005761058358942891,
      "std_error": 5.213295465139513,
      "cost_breakdown": {
        "variable": 5143.5058274818875,
        "backlog": 26677.57061102684,
        "fixed": 29413.674409819447,
        "holding": 29257.22372170744
      }
    },
    "can_order": {
      "cost": 106595.49077856245,
      "pct_std_error": 0.0060602142161174065,
      "std_error": 6.45991508590256,
      "cost_breakdown": {
        "variable": 5301.226136778428,
        "backlog": 2897.6606996997048,
        "fixed": 38533.453541809795,
        "holding": 59863.150400274455
      }
    },
    "periodic_RS": {
      "cost": 98031.38448652824,
      "pct_std_error": 0.006092371814412528,
      "std_error": 5.972436437735622,
      "cost_breakdown": {
        "variable": 5157.103269855248,
        "backlog": 31684.219555632553,
        "fixed": 29012.148919777974,
        "holding": 32177.91274126241
      }
    }
  }
}