{
  "relative_differences": {
    "vs_periodic_RS": {
      "pct_difference": 4.5099,
      "pct_se": 0.1053
    },
    "vs_aggregate_QS": {
      "pct_difference": 2.798,
      "pct_se": 0.1036
    },
    "vs_individual_sS": {
      "pct_difference": 167.7087,
      "pct_se": 0.2696
    },
    "vs_hybrid_RQS": {
      "pct_difference": 2.8013,
      "pct_se": 0.1036
    },
    "vs_can_order": {
      "pct_difference": 20.8888,
      "pct_se": 0.1218
    }
  },
  "instance_name": "50D_CaseMH",
  "timestamp": "2026-05-13T09:21:44.496",
  "simulation_settings": {
    "benchmark_iterations": 100000,
    "nn_iterations": 100,
    "seed": 777,
    "time_horizon": 10000
  },
  "neural_network": {
    "cost": 56102.444356644955,
    "method": "find_stationary",
    "pct_std_error": 0.10066570272122574,
    "epsilon": -2.5,
    "z_star": [
      31,
      32,
      31,
      31,
      31,
      31,
      32,
      32,
      31,
      32,
      31,
      32,
      31,
      32,
      32,
      16,
      16,
      16,
      16,
      16,
      16,
      16,
      16,
      16,
      16,
      16,
      16,
      16,
      16,
      16,
      8,
      8,
      8,
      8,
      8,
      8,
      8,
      8,
      8,
      8,
      8,
      8,
      8,
      8,
      8,
      8,
      8,
      8,
      8,
      8
    ],
    "std_error": 56.4759198554013,
    "training_hyperparameters": {
      "lambda_rate": 3.345389141085892,
      "T_horizon": 0.2,
      "nu_radius": 1.0,
      "beta_final": 100000.0,
      "cost_scaling": 0.01,
      "alpha_factor": 0.2
    },
    "cost_breakdown": {
      "variable": 5124.869685432499,
      "backlog": 9630.83113544679,
      "fixed": 17188.379485392354,
      "holding": 24158.364050373333
    }
  },
  "benchmarks": {
    "individual_sS": {
      "cost": 150191.1095655249,
      "pct_std_error": 0.0030719553851039096,
      "std_error": 4.613803878245456,
      "cost_breakdown": {
        "variable": 5299.032489315814,
        "backlog": 2570.178618733317,
        "fixed": 82783.6296412267,
        "holding": 59538.26881624896
      }
    },
    "aggregate_QS": {
      "cost": 57672.19513610547,
      "pct_std_error": 0.003947053931004475,
      "std_error": 2.2763526452162224,
      "cost_breakdown": {
        "variable": 5121.881061826775,
        "backlog": 11266.410881506074,
        "fixed": 16842.795973678636,
        "holding": 24441.10721909398
      }
    },
    "hybrid_RQS": {
      "cost": 57674.02753365472,
      "pct_std_error": 0.003936328543668155,
      "std_error": 2.2702392080902816,
      "cost_breakdown": {
        "variable": 5121.889988386907,
        "backlog": 11219.599459691632,
        "fixed": 16891.519289952863,
        "holding": 24441.018795623313
      }
    },
    "can_order": {
      "cost": 67821.55046042391,
      "pct_std_error": 0.004630770134856694,
      "std_error": 3.1406601037180732,
      "cost_breakdown": {
        "variable": 5194.844306593621,
        "backlog": 492.54444400099374,
        "fixed": 23525.318127792325,
        "holding": 38608.84358203699
      }
    },
    "periodic_RS": {
      "cost": 58632.59176716681,
      "pct_std_error": 0.004058064116381184,
      "std_error": 2.379348167007665,
      "cost_breakdown": {
        "variable": 5127.213117744625,
        "backlog": 11609.913523981457,
        "fixed": 16374.245037655108,
        "holding": 25521.220087785612
      }
    }
  }
}