{
  "relative_differences": {
    "vs_periodic_RS": {
      "pct_difference": 14.0179,
      "pct_se": 0.3238
    },
    "vs_aggregate_QS": {
      "pct_difference": 1.1499,
      "pct_se": 0.2873
    },
    "vs_individual_sS": {
      "pct_difference": 70.2813,
      "pct_se": 0.4835
    },
    "vs_hybrid_RQS": {
      "pct_difference": 1.1499,
      "pct_se": 0.2873
    },
    "vs_can_order": {
      "pct_difference": 24.7693,
      "pct_se": 0.3544
    }
  },
  "instance_name": "12D_CaseHHL",
  "timestamp": "2026-05-12T22:13:00.952",
  "simulation_settings": {
    "benchmark_iterations": 100000,
    "nn_iterations": 100,
    "seed": 777,
    "time_horizon": 10000
  },
  "neural_network": {
    "cost": 20320.221082184642,
    "method": "solve_inf",
    "pct_std_error": 0.28379985909476885,
    "epsilon": -100.0,
    "z_star": [
      12,
      12,
      14,
      15,
      19,
      8,
      9,
      8,
      15,
      8,
      10,
      11
    ],
    "std_error": 57.66875879898553,
    "training_hyperparameters": {
      "lambda_rate": 1.9907088091190874,
      "T_horizon": 0.05,
      "nu_radius": 0.8,
      "beta_final": 1.0e6,
      "cost_scaling": 0.1,
      "alpha_factor": 0.4
    },
    "cost_breakdown": {
      "variable": 2429.267633747864,
      "backlog": 5963.699220493516,
      "fixed": 8175.602319586805,
      "holding": 3751.6519083564476
    }
  },
  "benchmarks": {
    "individual_sS": {
      "cost": 34601.544623492635,
      "pct_std_error": 0.008410174982237572,
      "std_error": 2.910050449392747,
      "cost_breakdown": {
        "variable": 2510.8186790391123,
        "backlog": 2996.758238594899,
        "fixed": 17516.848809518728,
        "holding": 11577.118896339893
      }
    },
    "aggregate_QS": {
      "cost": 20553.888990935026,
      "pct_std_error": 0.010268215885216208,
      "std_error": 2.1105176943968957,
      "cost_breakdown": {
        "variable": 2433.842448131184,
        "backlog": 5880.4258978811595,
        "fixed": 8065.795308054816,
        "holding": 4173.825336867873
      }
    },
    "hybrid_RQS": {
      "cost": 20553.888799080425,
      "pct_std_error": 0.010268304479916045,
      "std_error": 2.1105358843529376,
      "cost_breakdown": {
        "variable": 2433.842466702863,
        "backlog": 5880.419693778553,
        "fixed": 8065.799534612268,
        "holding": 4173.827103986748
      }
    },
    "can_order": {
      "cost": 25353.39397601722,
      "pct_std_error": 0.011539133224170528,
      "std_error": 2.9255619077414523,
      "cost_breakdown": {
        "variable": 2518.593611263742,
        "backlog": 578.8010305295518,
        "fixed": 10553.237392916168,
        "holding": 11702.761941307748
      }
    },
    "periodic_RS": {
      "cost": 23168.69275448245,
      "pct_std_error": 0.01136954916732485,
      "std_error": 2.6341759141473124,
      "cost_breakdown": {
        "variable": 2434.8316693933057,
        "backlog": 8105.932855452791,
        "fixed": 7803.624335307456,
        "holding": 4824.303894328897
      }
    }
  }
}