{
  "relative_differences": {
    "vs_periodic_RS": {
      "pct_difference": 17.4797,
      "pct_se": 0.324
    },
    "vs_aggregate_QS": {
      "pct_difference": 0.8981,
      "pct_se": 0.2782
    },
    "vs_individual_sS": {
      "pct_difference": 57.5457,
      "pct_se": 0.4344
    },
    "vs_hybrid_RQS": {
      "pct_difference": 0.8982,
      "pct_se": 0.2782
    },
    "vs_can_order": {
      "pct_difference": 24.6679,
      "pct_se": 0.3438
    }
  },
  "instance_name": "12D_CaseHML",
  "timestamp": "2026-05-13T03:03:02.728",
  "simulation_settings": {
    "benchmark_iterations": 100000,
    "nn_iterations": 100,
    "seed": 777,
    "time_horizon": 10000
  },
  "neural_network": {
    "cost": 15485.992582903316,
    "method": "solve_inf",
    "pct_std_error": 0.27557828957103503,
    "epsilon": -100.0,
    "z_star": [
      11,
      11,
      11,
      11,
      7,
      7,
      8,
      7,
      9,
      8,
      8,
      8
    ],
    "std_error": 42.676033483062305,
    "training_hyperparameters": {
      "lambda_rate": 2.972664413558644,
      "T_horizon": 0.05,
      "nu_radius": 0.8,
      "beta_final": 1.0e7,
      "cost_scaling": 0.1,
      "alpha_factor": 0.4
    },
    "cost_breakdown": {
      "variable": 2422.916419628591,
      "backlog": 4563.2160179091115,
      "fixed": 5519.086653860797,
      "holding": 2980.773491504817
    }
  },
  "benchmarks": {
    "individual_sS": {
      "cost": 24397.52042941516,
      "pct_std_error": 0.008351511621339257,
      "std_error": 2.0375617539812265,
      "cost_breakdown": {
        "variable": 2474.511044364231,
        "backlog": 2258.6572485146366,
        "fixed": 12086.322363183961,
        "holding": 7578.02977335232
      }
    },
    "aggregate_QS": {
      "cost": 15625.075034359885,
      "pct_std_error": 0.009780291082066654,
      "std_error": 1.5281778201517229,
      "cost_breakdown": {
        "variable": 2421.7672496360938,
        "backlog": 4653.897209745734,
        "fixed": 6000.008905606132,
        "holding": 2549.4016693719236
      }
    },
    "hybrid_RQS": {
      "cost": 15625.088421470107,
      "pct_std_error": 0.009780235354062253,
      "std_error": 1.5281704219001073,
      "cost_breakdown": {
        "variable": 2421.7673051293964,
        "backlog": 4653.890553946637,
        "fixed": 6000.024972730932,
        "holding": 2549.405589663142
      }
    },
    "can_order": {
      "cost": 19306.06478980451,
      "pct_std_error": 0.010557894330957215,
      "std_error": 2.0383139199736973,
      "cost_breakdown": {
        "variable": 2487.4469893482747,
        "backlog": 601.114760627481,
        "fixed": 7822.682628711534,
        "holding": 8394.820411117222
      }
    },
    "periodic_RS": {
      "cost": 18192.897539164627,
      "pct_std_error": 0.010488096810930795,
      "std_error": 1.9080887066210324,
      "cost_breakdown": {
        "variable": 2417.3718353973204,
        "backlog": 6685.154057086274,
        "fixed": 6549.676714922004,
        "holding": 2540.6949317590224
      }
    }
  }
}