{
  "relative_differences": {
    "vs_periodic_RS": {
      "pct_difference": 58.0716,
      "pct_se": 0.1973
    },
    "vs_aggregate_QS": {
      "pct_difference": 9.501,
      "pct_se": 0.1352
    },
    "vs_individual_sS": {
      "pct_difference": 10.6026,
      "pct_se": 0.1364
    },
    "vs_hybrid_RQS": {
      "pct_difference": 9.502,
      "pct_se": 0.1352
    },
    "vs_mdp": {
      "pct_difference": -0.0752,
      "pct_se": 0.1233
    },
    "vs_can_order": {
      "pct_difference": 0.0662,
      "pct_se": 0.1235
    }
  },
  "instance_name": "2D_CaseMLM",
  "timestamp": "2026-05-16T15:26:08.590",
  "simulation_settings": {
    "benchmark_iterations": 100000,
    "nn_iterations": 1000,
    "seed": 777,
    "time_horizon": 10000
  },
  "neural_network": {
    "cost": 2066.9941888716176,
    "method": "solve_inf",
    "pct_std_error": 0.12279283229172964,
    "epsilon": -2.5,
    "z_star": [
      23,
      14
    ],
    "std_error": 2.538120707820923,
    "training_hyperparameters": {
      "lambda_rate": 1.7911116888311167,
      "T_horizon": 0.05,
      "nu_radius": 0.2,
      "beta_final": 1.0e7,
      "cost_scaling": 0.1,
      "alpha_factor": 0.0
    },
    "cost_breakdown": {
      "variable": 245.2036728499066,
      "backlog": 180.16011604886472,
      "fixed": 723.672571264491,
      "holding": 917.9578287083548
    }
  },
  "benchmarks": {
    "individual_sS": {
      "cost": 2286.1498105011224,
      "pct_std_error": 0.011477334346861023,
      "std_error": 0.2623890574213435,
      "cost_breakdown": {
        "variable": 245.25004724149056,
        "backlog": 206.86491920032032,
        "fixed": 904.2396490444726,
        "holding": 929.7951950148403
      }
    },
    "aggregate_QS": {
      "cost": 2263.3793242642605,
      "pct_std_error": 0.013005162370461598,
      "std_error": 0.2943561561800236,
      "cost_breakdown": {
        "variable": 245.47377447504147,
        "backlog": 281.46838494405114,
        "fixed": 806.1273724889976,
        "holding": 930.309792356171
      }
    },
    "hybrid_RQS": {
      "cost": 2263.400750664067,
      "pct_std_error": 0.013003918346539151,
      "std_error": 0.2943307854713095,
      "cost_breakdown": {
        "variable": 245.47386910420641,
        "backlog": 281.4543594387516,
        "fixed": 806.1488850795832,
        "holding": 930.3236370415258
      }
    },
    "mdp": {
      "cost": 2065.439567421713,
      "pct_std_error": 0.012440773431292998,
      "std_error": 0.2569566569432135,
      "cost_breakdown": {
        "variable": 245.00270842790965,
        "backlog": 179.52975792990233,
        "fixed": 743.7897987545451,
        "holding": 897.1173023093548
      }
    },
    "can_order": {
      "cost": 2068.362557363635,
      "pct_std_error": 0.012321412276982649,
      "std_error": 0.2548514780755152,
      "cost_breakdown": {
        "variable": 245.2702502475713,
        "backlog": 177.63035590655082,
        "fixed": 725.852764091287,
        "holding": 919.6091871182256
      }
    },
    "periodic_RS": {
      "cost": 3267.330636632793,
      "pct_std_error": 0.022385236187964258,
      "std_error": 0.7313996800519669,
      "cost_breakdown": {
        "variable": 247.14915031814516,
        "backlog": 609.1135373396836,
        "fixed": 955.0118728940013,
        "holding": 1456.0560760809649
      }
    }
  }
}