{
  "relative_differences": {
    "vs_periodic_RS": {
      "pct_difference": 47.2683,
      "pct_se": 0.1833
    },
    "vs_aggregate_QS": {
      "pct_difference": 9.6631,
      "pct_se": 0.1348
    },
    "vs_individual_sS": {
      "pct_difference": 14.9512,
      "pct_se": 0.1409
    },
    "vs_hybrid_RQS": {
      "pct_difference": 9.6631,
      "pct_se": 0.1348
    },
    "vs_mdp": {
      "pct_difference": -0.2051,
      "pct_se": 0.1225
    },
    "vs_can_order": {
      "pct_difference": 0.7733,
      "pct_se": 0.1237
    }
  },
  "instance_name": "2D_CaseMMM",
  "timestamp": "2026-05-16T15:25:56.611",
  "simulation_settings": {
    "benchmark_iterations": 100000,
    "nn_iterations": 1000,
    "seed": 777,
    "time_horizon": 10000
  },
  "neural_network": {
    "cost": 2940.869483671864,
    "method": "solve_inf",
    "pct_std_error": 0.12213652928656797,
    "epsilon": -2.5,
    "z_star": [
      35,
      21
    ],
    "std_error": 3.5918759182046265,
    "training_hyperparameters": {
      "lambda_rate": 1.2097796620337964,
      "T_horizon": 0.2,
      "nu_radius": 0.4,
      "beta_final": 1.0e7,
      "cost_scaling": 0.1,
      "alpha_factor": 0.0
    },
    "cost_breakdown": {
      "variable": 247.34927161702956,
      "backlog": 193.342820909468,
      "fixed": 1180.1028900164056,
      "holding": 1320.0745011289591
    }
  },
  "benchmarks": {
    "individual_sS": {
      "cost": 3380.56565135141,
      "pct_std_error": 0.010734971314988634,
      "std_error": 0.36290275295693253,
      "cost_breakdown": {
        "variable": 248.24228267827425,
        "backlog": 176.92623764088378,
        "fixed": 1509.0761964150342,
        "holding": 1446.3209346172173
      }
    },
    "aggregate_QS": {
      "cost": 3225.048779073733,
      "pct_std_error": 0.013903950193934134,
      "std_error": 0.4484091759724927,
      "cost_breakdown": {
        "variable": 247.7944883301793,
        "backlog": 320.36324042095316,
        "fixed": 1272.553882773024,
        "holding": 1384.337167549575
      }
    },
    "hybrid_RQS": {
      "cost": 3225.048779073733,
      "pct_std_error": 0.013903950193934134,
      "std_error": 0.4484091759724927,
      "cost_breakdown": {
        "variable": 247.7944883301793,
        "backlog": 320.36324042095316,
        "fixed": 1272.553882773024,
        "holding": 1384.337167549575
      }
    },
    "mdp": {
      "cost": 2934.838612265632,
      "pct_std_error": 0.012118154715937997,
      "std_error": 0.35564828369743695,
      "cost_breakdown": {
        "variable": 247.18521588969514,
        "backlog": 174.93269002961605,
        "fixed": 1209.3427576575361,
        "holding": 1303.3779486887843
      }
    },
    "can_order": {
      "cost": 2963.612284865678,
      "pct_std_error": 0.012120862397448383,
      "std_error": 0.3592153670424448,
      "cost_breakdown": {
        "variable": 247.89717885085486,
        "backlog": 121.9965207017111,
        "fixed": 1233.2900273428052,
        "holding": 1360.4285579703053
      }
    },
    "periodic_RS": {
      "cost": 4330.967540779333,
      "pct_std_error": 0.02413277321343689,
      "std_error": 1.0451825745638412,
      "cost_breakdown": {
        "variable": 249.90623478977733,
        "backlog": 730.0871517535699,
        "fixed": 1358.3982334411203,
        "holding": 1992.5759207948638
      }
    }
  }
}