{
  "relative_differences": {
    "vs_periodic_RS": {
      "pct_difference": 2.5421,
      "pct_se": 0.0821
    },
    "vs_aggregate_QS": {
      "pct_difference": 1.2948,
      "pct_se": 0.0811
    },
    "vs_individual_sS": {
      "pct_difference": 138.6873,
      "pct_se": 0.1911
    },
    "vs_hybrid_RQS": {
      "pct_difference": 1.2949,
      "pct_se": 0.0811
    },
    "vs_can_order": {
      "pct_difference": 7.8367,
      "pct_se": 0.0863
    }
  },
  "instance_name": "12D_CaseLHH",
  "timestamp": "2026-05-13T02:38:09.955",
  "simulation_settings": {
    "benchmark_iterations": 100000,
    "nn_iterations": 100,
    "seed": 777,
    "time_horizon": 10000
  },
  "neural_network": {
    "cost": 15723.295983655837,
    "method": "find_stationary",
    "pct_std_error": 0.0799957439695094,
    "epsilon": -40.0,
    "z_star": [
      33,
      29,
      33,
      33,
      33,
      18,
      18,
      18,
      24,
      18,
      18,
      18
    ],
    "std_error": 12.577967598653478,
    "training_hyperparameters": {
      "lambda_rate": 1.4008714728527136,
      "T_horizon": 0.1,
      "nu_radius": 0.1,
      "beta_final": 1.0e6,
      "cost_scaling": 0.1,
      "alpha_factor": 0.0
    },
    "cost_breakdown": {
      "variable": 2470.4176254626564,
      "backlog": 769.9971322541365,
      "fixed": 5739.090901346632,
      "holding": 6743.790324592415
    }
  },
  "benchmarks": {
    "individual_sS": {
      "cost": 37529.50579265865,
      "pct_std_error": 0.003168095161976791,
      "std_error": 1.1889704573310185,
      "cost_breakdown": {
        "variable": 2562.1842563671653,
        "backlog": 253.66899747042268,
        "fixed": 18192.511816659196,
        "holding": 16521.14072216186
      }
    },
    "aggregate_QS": {
      "cost": 15926.888899249792,
      "pct_std_error": 0.0031541719151872106,
      "std_error": 0.5023614566232064,
      "cost_breakdown": {
        "variable": 2467.808201662042,
        "backlog": 1011.5936297039959,
        "fixed": 5693.684112810376,
        "holding": 6753.802955073377
      }
    },
    "hybrid_RQS": {
      "cost": 15926.89482147193,
      "pct_std_error": 0.003154213491833792,
      "std_error": 0.5023682652890451,
      "cost_breakdown": {
        "variable": 2467.808234448542,
        "backlog": 1011.5912121308667,
        "fixed": 5693.688433275934,
        "holding": 6753.806941616583
      }
    },
    "can_order": {
      "cost": 16955.481612349726,
      "pct_std_error": 0.0027493733921814816,
      "std_error": 0.46616949996616697,
      "cost_breakdown": {
        "variable": 2491.480196137299,
        "backlog": 26.171411123618036,
        "fixed": 5681.110137152515,
        "holding": 8756.719867936294
      }
    },
    "periodic_RS": {
      "cost": 16123.003750578198,
      "pct_std_error": 0.0034244511270945495,
      "std_error": 0.5521243836581716,
      "cost_breakdown": {
        "variable": 2467.8543607746333,
        "backlog": 1171.1232745721961,
        "fixed": 5721.84269676966,
        "holding": 6762.183418461695
      }
    }
  }
}