{
  "relative_differences": {
    "vs_periodic_RS": {
      "pct_difference": 38.8977,
      "pct_se": 0.165
    },
    "vs_aggregate_QS": {
      "pct_difference": 8.8985,
      "pct_se": 0.1278
    },
    "vs_individual_sS": {
      "pct_difference": 18.2605,
      "pct_se": 0.1383
    },
    "vs_hybrid_RQS": {
      "pct_difference": 8.8985,
      "pct_se": 0.1278
    },
    "vs_mdp": {
      "pct_difference": -0.1509,
      "pct_se": 0.1169
    },
    "vs_can_order": {
      "pct_difference": 1.0212,
      "pct_se": 0.1183
    }
  },
  "instance_name": "2D_CaseMHM",
  "timestamp": "2026-05-16T15:26:09.944",
  "simulation_settings": {
    "benchmark_iterations": 100000,
    "nn_iterations": 1000,
    "seed": 777,
    "time_horizon": 10000
  },
  "neural_network": {
    "cost": 3934.6628313257174,
    "method": "solve_inf",
    "pct_std_error": 0.11644482724340988,
    "epsilon": -2.5,
    "z_star": [
      51,
      30
    ],
    "std_error": 4.581711336547891,
    "training_hyperparameters": {
      "lambda_rate": 0.8282059394060595,
      "T_horizon": 0.1,
      "nu_radius": 0.4,
      "beta_final": 100000.0,
      "cost_scaling": 0.1,
      "alpha_factor": 0.0
    },
    "cost_breakdown": {
      "variable": 250.09139537406858,
      "backlog": 228.0685994193458,
      "fixed": 1619.5381386418064,
      "holding": 1836.9646978904952
    }
  },
  "benchmarks": {
    "individual_sS": {
      "cost": 4653.150109264295,
      "pct_std_error": 0.010532428482651504,
      "std_error": 0.49008970744868213,
      "cost_breakdown": {
        "variable": 251.3756677809034,
        "backlog": 163.1869165803313,
        "fixed": 2216.8560485816733,
        "holding": 2021.7314763213856
      }
    },
    "aggregate_QS": {
      "cost": 4284.788079762656,
      "pct_std_error": 0.014729871681016238,
      "std_error": 0.631143785952519,
      "cost_breakdown": {
        "variable": 250.6339986131989,
        "backlog": 394.45437898352327,
        "fixed": 1739.949611475463,
        "holding": 1899.7500906904697
      }
    },
    "hybrid_RQS": {
      "cost": 4284.788079762656,
      "pct_std_error": 0.014729871681016238,
      "std_error": 0.631143785952519,
      "cost_breakdown": {
        "variable": 250.6339986131989,
        "backlog": 394.45437898352327,
        "fixed": 1739.949611475463,
        "holding": 1899.7500906904697
      }
    },
    "mdp": {
      "cost": 3928.7252837423093,
      "pct_std_error": 0.01204840141731998,
      "std_error": 0.4733485927690168,
      "cost_breakdown": {
        "variable": 249.69938961337763,
        "backlog": 185.6404662413246,
        "fixed": 1703.3568492646502,
        "holding": 1790.0285786229563
      }
    },
    "can_order": {
      "cost": 3974.8449602462556,
      "pct_std_error": 0.01206005000292328,
      "std_error": 0.4793682897443744,
      "cost_breakdown": {
        "variable": 251.2035386901333,
        "backlog": 127.69554209865404,
        "fixed": 1701.2023008495858,
        "holding": 1894.7435786078804
      }
    },
    "periodic_RS": {
      "cost": 5465.1548600772585,
      "pct_std_error": 0.023379096466998955,
      "std_error": 1.277703826808344,
      "cost_breakdown": {
        "variable": 252.28827913530984,
        "backlog": 799.7248816190964,
        "fixed": 1941.221536709041,
        "holding": 2471.920162613818
      }
    }
  }
}