{
  "relative_differences": {
    "vs_periodic_RS": {
      "pct_difference": 47.074,
      "pct_se": 0.4817
    },
    "vs_aggregate_QS": {
      "pct_difference": 5.7408,
      "pct_se": 0.3464
    },
    "vs_individual_sS": {
      "pct_difference": 8.7301,
      "pct_se": 0.3561
    },
    "vs_hybrid_RQS": {
      "pct_difference": 5.7413,
      "pct_se": 0.3464
    },
    "vs_can_order": {
      "pct_difference": 0.6162,
      "pct_se": 0.3296
    }
  },
  "instance_name": "12D_CaseHLH",
  "timestamp": "2026-05-13T03:29:18.195",
  "simulation_settings": {
    "benchmark_iterations": 100000,
    "nn_iterations": 100,
    "seed": 777,
    "time_horizon": 10000
  },
  "neural_network": {
    "cost": 16286.619130429743,
    "method": "find_stationary",
    "pct_std_error": 0.32733818002965415,
    "epsilon": -25.0,
    "z_star": [
      19,
      17,
      19,
      19,
      19,
      12,
      12,
      12,
      15,
      12,
      12,
      12
    ],
    "std_error": 53.3123226499102,
    "training_hyperparameters": {
      "lambda_rate": 6.957804859514047,
      "T_horizon": 0.1,
      "nu_radius": 0.1,
      "beta_final": 1.0e6,
      "cost_scaling": 0.1,
      "alpha_factor": 0.4
    },
    "cost_breakdown": {
      "variable": 2461.259024336977,
      "backlog": 4881.6866691104115,
      "fixed": 2545.45958901563,
      "holding": 6398.2138479667055
    }
  },
  "benchmarks": {
    "individual_sS": {
      "cost": 17708.461759563237,
      "pct_std_error": 0.011830405827795553,
      "std_error": 2.0949828920163163,
      "cost_breakdown": {
        "variable": 2452.043814125081,
        "backlog": 6004.275420267811,
        "fixed": 4134.959931370246,
        "holding": 5117.182593800101
      }
    },
    "aggregate_QS": {
      "cost": 17221.595318134547,
      "pct_std_error": 0.012057178549762834,
      "std_error": 2.0764384966250793,
      "cost_breakdown": {
        "variable": 2455.2610061910027,
        "backlog": 5870.413340874895,
        "fixed": 3617.9271973383106,
        "holding": 5277.9937737303135
      }
    },
    "hybrid_RQS": {
      "cost": 17221.683021394958,
      "pct_std_error": 0.012056794670694319,
      "std_error": 2.0763829607274156,
      "cost_breakdown": {
        "variable": 2455.261094837385,
        "backlog": 5870.417006911243,
        "fixed": 3618.002164985001,
        "holding": 5278.002754661303
      }
    },
    "can_order": {
      "cost": 16386.980241264333,
      "pct_std_error": 0.012213376527035583,
      "std_error": 2.001403598276537,
      "cost_breakdown": {
        "variable": 2465.0836836250915,
        "backlog": 4699.722673610792,
        "fixed": 2797.0839441579596,
        "holding": 6425.089939870478
      }
    },
    "periodic_RS": {
      "cost": 23953.384937526742,
      "pct_std_error": 0.011044092713144896,
      "std_error": 2.645434040436938,
      "cost_breakdown": {
        "variable": 2454.017066098243,
        "backlog": 7623.286383658796,
        "fixed": 8277.021437341624,
        "holding": 5599.060050428097
      }
    }
  }
}