{
  "relative_differences": {
    "vs_periodic_RS": {
      "pct_difference": 14.4253,
      "pct_se": 0.242
    },
    "vs_aggregate_QS": {
      "pct_difference": 6.5346,
      "pct_se": 0.2253
    },
    "vs_individual_sS": {
      "pct_difference": 65.133,
      "pct_se": 0.3491
    },
    "vs_hybrid_RQS": {
      "pct_difference": 6.5352,
      "pct_se": 0.2253
    },
    "vs_can_order": {
      "pct_difference": 5.2386,
      "pct_se": 0.2225
    }
  },
  "instance_name": "12D_CaseMMM",
  "timestamp": "2026-05-13T03:34:08.961",
  "simulation_settings": {
    "benchmark_iterations": 100000,
    "nn_iterations": 100,
    "seed": 777,
    "time_horizon": 10000
  },
  "neural_network": {
    "cost": 16637.161106870157,
    "method": "find_stationary",
    "pct_std_error": 0.2113446065836554,
    "epsilon": -30.0,
    "z_star": [
      29,
      27,
      29,
      29,
      29,
      20,
      20,
      20,
      24,
      20,
      20,
      20
    ],
    "std_error": 35.161742688003656,
    "training_hyperparameters": {
      "lambda_rate": 2.882150304969503,
      "T_horizon": 0.1,
      "nu_radius": 0.4,
      "beta_final": 1.0e6,
      "cost_scaling": 0.1,
      "alpha_factor": 0.4
    },
    "cost_breakdown": {
      "variable": 2489.731247441988,
      "backlog": 1145.5592332012252,
      "fixed": 4693.300098749292,
      "holding": 8308.570527477643
    }
  },
  "benchmarks": {
    "individual_sS": {
      "cost": 27473.437490172244,
      "pct_std_error": 0.004829312891780276,
      "std_error": 1.3267782585280836,
      "cost_breakdown": {
        "variable": 2511.9523526123653,
        "backlog": 986.0478277457937,
        "fixed": 12746.515543594513,
        "holding": 11228.921766219557
      }
    },
    "aggregate_QS": {
      "cost": 17724.336119008225,
      "pct_std_error": 0.007635194232652308,
      "std_error": 1.3532874891344258,
      "cost_breakdown": {
        "variable": 2470.775252895886,
        "backlog": 2766.7888130198135,
        "fixed": 5181.998453157323,
        "holding": 7304.7735999352035
      }
    },
    "hybrid_RQS": {
      "cost": 17724.44069434678,
      "pct_std_error": 0.007634663978699295,
      "std_error": 1.3532014891172128,
      "cost_breakdown": {
        "variable": 2470.7756297111796,
        "backlog": 2766.7605248851796,
        "fixed": 5182.095301157813,
        "holding": 7304.809238592607
      }
    },
    "can_order": {
      "cost": 17508.70931904777,
      "pct_std_error": 0.0065347574022590026,
      "std_error": 1.144151678266486,
      "cost_breakdown": {
        "variable": 2490.7703754568684,
        "backlog": 321.5206358367837,
        "fixed": 5814.439113161931,
        "holding": 8881.979194592192
      }
    },
    "periodic_RS": {
      "cost": 19037.11530170965,
      "pct_std_error": 0.008705199563150832,
      "std_error": 1.657218878080949,
      "cost_breakdown": {
        "variable": 2474.5955381787885,
        "backlog": 3414.8246155624342,
        "fixed": 5249.816766873731,
        "holding": 7897.878381094671
      }
    }
  }
}