{
  "relative_differences": {
    "vs_periodic_RS": {
      "pct_difference": 43.6219,
      "pct_se": 0.4182
    },
    "vs_aggregate_QS": {
      "pct_difference": 3.675,
      "pct_se": 0.3018
    },
    "vs_individual_sS": {
      "pct_difference": 9.4818,
      "pct_se": 0.3187
    },
    "vs_hybrid_RQS": {
      "pct_difference": 3.6772,
      "pct_se": 0.3019
    },
    "vs_can_order": {
      "pct_difference": 2.2227,
      "pct_se": 0.2976
    }
  },
  "instance_name": "12D_CaseHLM",
  "timestamp": "2026-05-13T03:26:25.230",
  "simulation_settings": {
    "benchmark_iterations": 100000,
    "nn_iterations": 100,
    "seed": 777,
    "time_horizon": 10000
  },
  "neural_network": {
    "cost": 13251.55380724962,
    "method": "find_stationary",
    "pct_std_error": 0.29094153668468786,
    "epsilon": -20.0,
    "z_star": [
      12,
      11,
      12,
      12,
      12,
      9,
      9,
      9,
      10,
      9,
      9,
      9
    ],
    "std_error": 38.55427428141031,
    "training_hyperparameters": {
      "lambda_rate": 8.985816818318169,
      "T_horizon": 0.05,
      "nu_radius": 0.8,
      "beta_final": 1.0e6,
      "cost_scaling": 0.1,
      "alpha_factor": 0.2
    },
    "cost_breakdown": {
      "variable": 2443.2104162282835,
      "backlog": 3508.512645937113,
      "fixed": 2966.362591066294,
      "holding": 4333.468154017923
    }
  },
  "benchmarks": {
    "individual_sS": {
      "cost": 14508.04588279564,
      "pct_std_error": 0.010215057652794304,
      "std_error": 1.4820052512214252,
      "cost_breakdown": {
        "variable": 2443.0131633847814,
        "backlog": 3453.8613839747195,
        "fixed": 4638.585262889946,
        "holding": 3972.586072546197
      }
    },
    "aggregate_QS": {
      "cost": 13738.553860817228,
      "pct_std_error": 0.0108619805507106,
      "std_error": 1.4922790483108677,
      "cost_breakdown": {
        "variable": 2434.5121196938176,
        "backlog": 4428.210565848991,
        "fixed": 3723.2319175685025,
        "holding": 3152.599257705892
      }
    },
    "hybrid_RQS": {
      "cost": 13738.841918429624,
      "pct_std_error": 0.010860171144033887,
      "std_error": 1.4920617455497258,
      "cost_breakdown": {
        "variable": 2434.512398437827,
        "backlog": 4428.215591986783,
        "fixed": 3723.487000444424,
        "holding": 3152.6269275605655
      }
    },
    "can_order": {
      "cost": 13546.090777109845,
      "pct_std_error": 0.010911137179591449,
      "std_error": 1.4780325471624405,
      "cost_breakdown": {
        "variable": 2448.267586030733,
        "backlog": 3034.192129070903,
        "fixed": 3603.877411190102,
        "holding": 4459.753650818097
      }
    },
    "periodic_RS": {
      "cost": 19032.130527150046,
      "pct_std_error": 0.010983118114597882,
      "std_error": 2.09032137552133,
      "cost_breakdown": {
        "variable": 2433.261999250736,
        "backlog": 6947.762445916264,
        "fixed": 6299.293599976931,
        "holding": 3351.8124820061707
      }
    }
  }
}