{
  "relative_differences": {
    "vs_periodic_RS": {
      "pct_difference": 15.5223,
      "pct_se": 0.2079
    },
    "vs_aggregate_QS": {
      "pct_difference": 2.3374,
      "pct_se": 0.1841
    },
    "vs_individual_sS": {
      "pct_difference": 26.63,
      "pct_se": 0.2278
    },
    "vs_hybrid_RQS": {
      "pct_difference": 2.3374,
      "pct_se": 0.1841
    },
    "vs_can_order": {
      "pct_difference": 13.9638,
      "pct_se": 0.205
    }
  },
  "instance_name": "50D_CaseHL",
  "timestamp": "2026-05-13T09:19:05.468",
  "simulation_settings": {
    "benchmark_iterations": 100000,
    "nn_iterations": 100,
    "seed": 777,
    "time_horizon": 10000
  },
  "neural_network": {
    "cost": 51997.41554352823,
    "method": "find_stationary",
    "pct_std_error": 0.17985306221095365,
    "epsilon": -10.0,
    "z_star": [
      12,
      10,
      13,
      7,
      12,
      11,
      10,
      11,
      13,
      7,
      10,
      15,
      15,
      8,
      15,
      9,
      8,
      9,
      7,
      9,
      9,
      8,
      6,
      8,
      5,
      9,
      3,
      8,
      9,
      5,
      4,
      6,
      3,
      5,
      6,
      3,
      3,
      3,
      2,
      4,
      6,
      5,
      3,
      5,
      2,
      2,
      6,
      4,
      4,
      3
    ],
    "std_error": 93.51894412558991,
    "training_hyperparameters": {
      "lambda_rate": 16.524998940105988,
      "T_horizon": 0.1,
      "nu_radius": 0.2,
      "beta_final": 1.0e6,
      "cost_scaling": 0.01,
      "alpha_factor": 0.0
    },
    "cost_breakdown": {
      "variable": 5051.4254755258235,
      "backlog": 18398.560329310083,
      "fixed": 15451.438152128401,
      "holding": 13095.991586563885
    }
  },
  "benchmarks": {
    "individual_sS": {
      "cost": 65844.3194884847,
      "pct_std_error": 0.004113934160715916,
      "std_error": 2.7087919523276995,
      "cost_breakdown": {
        "variable": 5089.387110691771,
        "backlog": 11419.532252560835,
        "fixed": 31516.73225773486,
        "holding": 17818.667867497203
      }
    },
    "aggregate_QS": {
      "cost": 53212.79789291263,
      "pct_std_error": 0.005116515920157393,
      "std_error": 2.7226412757520526,
      "cost_breakdown": {
        "variable": 5059.044134593738,
        "backlog": 19525.65341704886,
        "fixed": 16556.289017229432,
        "holding": 12071.811324040642
      }
    },
    "hybrid_RQS": {
      "cost": 53212.80792516498,
      "pct_std_error": 0.005116501481369012,
      "std_error": 2.7226341057691132,
      "cost_breakdown": {
        "variable": 5059.044141465049,
        "backlog": 19525.6488708657,
        "fixed": 16556.302395717972,
        "holding": 12071.812517116285
      }
    },
    "can_order": {
      "cost": 59258.24523051937,
      "pct_std_error": 0.004866024232395033,
      "std_error": 2.8835205726091466,
      "cost_breakdown": {
        "variable": 5115.472357249648,
        "backlog": 8528.434728649452,
        "fixed": 22692.098006133052,
        "holding": 22922.2401384872
      }
    },
    "periodic_RS": {
      "cost": 60068.61503477537,
      "pct_std_error": 0.005447324257265389,
      "std_error": 3.272132237792683,
      "cost_breakdown": {
        "variable": 5057.500114345573,
        "backlog": 25647.443648608554,
        "fixed": 17355.919521188847,
        "holding": 12007.75175063241
      }
    }
  }
}