{
  "instance_name": "50D_CaseMM",
  "description": "50-dimensional problem: Negative binomial demand (CV = 0.5), c0=150 (Medium). From Appendix B.2.",
  "neural_network": {
    "num_hidden_layers": 4,
    "nn_width": 1000,
    "activation": "elu"
  },
  "training": {
    "batch_size": 5000,
    "num_intervals": 100,
    "num_iterations": 40000,
    "T_horizon": 0.1,
    "cost_scaling": 0.01
  },
  "learning_rates": {
    "values": [
      0.001,
      0.0002,
      0.0001,
      1e-05,
      1e-06
    ],
    "steps": [
      1,
      5000,
      10000,
      20000,
      30000
    ]
  },
  "penalty_rates": {
    "values": [
      1,
      10,
      100,
      1000,
      10000,
      1000000
    ],
    "steps": [
      1,
      2500,
      5000,
      7500,
      10000,
      20000
    ]
  },
  "reference_process": {
    "benchmark_source": "QS",
    "nu_radius": 0.1,
    "alpha_factor": 0.2,
    "S_distribution": "lognormal",
    "QS": {
      "average_weeks_between_orders": 11.91736325627026,
      "S_input": [
        27,
        27,
        27,
        26,
        26,
        26,
        27,
        26,
        27,
        27,
        27,
        27,
        27,
        26,
        27,
        14,
        14,
        14,
        14,
        14,
        14,
        14,
        14,
        14,
        14,
        14,
        14,
        14,
        14,
        14,
        7,
        7,
        7,
        7,
        7,
        7,
        7,
        7,
        7,
        7,
        7,
        7,
        7,
        7,
        7,
        7,
        7,
        7,
        7,
        7
      ]
    },
    "can_order": {
      "average_weeks_between_orders": 9.995374603173333,
      "S_input": [
        43,
        43,
        43,
        43,
        43,
        43,
        43,
        43,
        43,
        43,
        43,
        43,
        43,
        43,
        43,
        22,
        22,
        22,
        22,
        22,
        22,
        22,
        22,
        22,
        22,
        22,
        22,
        22,
        22,
        22,
        11,
        11,
        11,
        11,
        11,
        11,
        11,
        11,
        11,
        11,
        11,
        11,
        11,
        11,
        11,
        11,
        11,
        11,
        11,
        11
      ]
    }
  },
  "optimization": {
    "start_factor": 1.0,
    "lower_factor": 0.5,
    "upper_factor": 1.5,
    "epsilon_factors": [
      -1.25,
      -2.5,
      -5.0,
      -7.5,
      -10.0,
      -12.5,
      -15.0,
      -20.0,
      -25.0,
      -30.0,
      -40.0,
      -50.0,
      -75.0,
      -100.0
    ],
    "num_simulation_runs": 100,
    "simulation_horizon": 10000
  }
}