{
  "individual_sS": {
    "cost": 38704.54586204023,
    "S_levels": [
      81,
      76,
      81,
      81,
      81,
      58,
      58,
      58,
      68,
      58,
      58,
      58
    ],
    "ordering_frequency": 0.08555727427257274,
    "s_levels": [
      -1,
      -1,
      -1,
      -1,
      -1,
      -1,
      -1,
      -1,
      -1,
      -1,
      -1,
      -1
    ],
    "std_error": 6.079595345924761,
    "best_alpha": 0.9
  },
  "aggregate_QS": {
    "average_weeks_between_orders": 28.27255295131699,
    "cost": 24113.836687413852,
    "S_levels": [
      41,
      37,
      42,
      42,
      41,
      22,
      22,
      22,
      30,
      22,
      22,
      22
    ],
    "ordering_frequency": 0.03536999300069993,
    "best_Q": 180,
    "std_error": 7.350098804886288,
    "analytical_cost": 24132.705560530438
  },
  "hybrid_RQS": {
    "average_weeks_between_orders": 28.272393100755842,
    "cost": 24113.883233943263,
    "S_levels": [
      41,
      37,
      42,
      42,
      41,
      22,
      22,
      22,
      30,
      22,
      22,
      22
    ],
    "ordering_frequency": 0.03537019298070193,
    "best_Q": 180,
    "std_error": 7.3504148143711925,
    "best_R": 52,
    "analytical_cost": 24132.67094313393
  },
  "can_order": {
    "average_weeks_between_orders": 26.699307756174267,
    "cost": 22498.784152003085,
    "best_omega": 0.0,
    "ordering_frequency": 0.037454154584541544,
    "S_levels": [
      39,
      36,
      39,
      39,
      39,
      27,
      27,
      27,
      32,
      27,
      27,
      27
    ],
    "s_levels": [
      -1,
      -1,
      -1,
      -1,
      -1,
      -1,
      -1,
      -1,
      -1,
      -1,
      -1,
      -1
    ],
    "std_error": 5.061005915992339,
    "best_alpha": 0.2
  },
  "instance_name": "12D_CaseMHH",
  "timestamp": "2026-04-08T08:00:21.173",
  "search_settings": {
    "iterations": 10000,
    "seed": 777,
    "time_horizon": 10000
  },
  "periodic_RS": {
    "cost": 25757.59309265021,
    "S_levels": [
      47,
      41,
      47,
      47,
      47,
      23,
      23,
      23,
      33,
      23,
      23,
      23
    ],
    "ordering_frequency": 0.034496550344965494,
    "std_error": 9.19306114365301,
    "best_R": 29,
    "analytical_cost": 25765.3893964018
  }
}