{
  "individual_sS": {
    "cost": 38213.576721524834,
    "S_levels": [
      79,
      75,
      79,
      79,
      79,
      57,
      57,
      57,
      67,
      57,
      57,
      57
    ],
    "ordering_frequency": 0.08546896310368964,
    "s_levels": [
      -3,
      -3,
      -3,
      -3,
      -3,
      -2,
      -2,
      -2,
      -3,
      -2,
      -2,
      -2
    ],
    "std_error": 5.981005327826637,
    "best_alpha": 0.9
  },
  "aggregate_QS": {
    "average_weeks_between_orders": 31.294580539658625,
    "cost": 21918.532045217074,
    "S_levels": [
      38,
      34,
      38,
      38,
      38,
      20,
      20,
      20,
      28,
      20,
      20,
      20
    ],
    "ordering_frequency": 0.03195441455854415,
    "best_Q": 200,
    "std_error": 5.712056774502897,
    "analytical_cost": 21927.883100739637
  },
  "hybrid_RQS": {
    "average_weeks_between_orders": 31.2941496743387,
    "cost": 21918.616803113677,
    "S_levels": [
      38,
      34,
      38,
      38,
      38,
      20,
      20,
      20,
      28,
      20,
      20,
      20
    ],
    "ordering_frequency": 0.03195485451454855,
    "best_Q": 200,
    "std_error": 5.712925640252957,
    "best_R": 55,
    "analytical_cost": 21927.397798501563
  },
  "can_order": {
    "average_weeks_between_orders": 29.182703390399265,
    "cost": 22202.044435269396,
    "best_omega": 0.1,
    "ordering_frequency": 0.034266873312668734,
    "S_levels": [
      41,
      38,
      41,
      41,
      41,
      29,
      29,
      29,
      34,
      29,
      29,
      29
    ],
    "s_levels": [
      -2,
      -2,
      -2,
      -2,
      -2,
      -1,
      -1,
      -1,
      -1,
      -1,
      -1,
      -1
    ],
    "std_error": 4.767401040806051,
    "best_alpha": 0.25
  },
  "instance_name": "12D_CaseMHM",
  "timestamp": "2026-04-08T07:00:46.032",
  "search_settings": {
    "iterations": 10000,
    "seed": 777,
    "time_horizon": 10000
  },
  "periodic_RS": {
    "cost": 23174.090434228165,
    "S_levels": [
      40,
      35,
      40,
      40,
      40,
      20,
      20,
      20,
      28,
      20,
      20,
      20
    ],
    "ordering_frequency": 0.033396660333966606,
    "std_error": 6.699035357110343,
    "best_R": 30,
    "analytical_cost": 23182.072054061628
  }
}