{
  "individual_sS": {
    "cost": 14507.901985151819,
    "S_levels": [
      15,
      14,
      15,
      15,
      15,
      11,
      11,
      11,
      13,
      11,
      11,
      11
    ],
    "ordering_frequency": 0.2196547245275472,
    "s_levels": [
      -1,
      -1,
      -1,
      -1,
      -1,
      -1,
      -1,
      -1,
      -1,
      -1,
      -1,
      -1
    ],
    "std_error": 4.732807611945501,
    "best_alpha": 0.8
  },
  "aggregate_QS": {
    "average_weeks_between_orders": 5.604660234916019,
    "cost": 13737.105373363504,
    "S_levels": [
      9,
      8,
      9,
      9,
      9,
      6,
      6,
      6,
      7,
      6,
      6,
      6
    ],
    "ordering_frequency": 0.17842294770522948,
    "best_Q": 20,
    "std_error": 4.747977369355113,
    "analytical_cost": 13768.229183980407
  },
  "hybrid_RQS": {
    "average_weeks_between_orders": 5.604273301821414,
    "cost": 13737.37239196594,
    "S_levels": [
      9,
      8,
      9,
      9,
      9,
      6,
      6,
      6,
      7,
      6,
      6,
      6
    ],
    "ordering_frequency": 0.17843526647335267,
    "best_Q": 20,
    "std_error": 4.74756553649475,
    "best_R": 26,
    "analytical_cost": 13768.120492993838
  },
  "can_order": {
    "average_weeks_between_orders": 5.78689740191394,
    "cost": 13544.729565827798,
    "best_omega": 0.0,
    "ordering_frequency": 0.1728041695830417,
    "S_levels": [
      12,
      11,
      12,
      12,
      12,
      9,
      9,
      9,
      10,
      9,
      9,
      9
    ],
    "s_levels": [
      -1,
      -1,
      -1,
      -1,
      -1,
      -1,
      -1,
      -1,
      -1,
      -1,
      -1,
      -1
    ],
    "std_error": 4.712144257239943,
    "best_alpha": 0.55
  },
  "instance_name": "12D_CaseHLM",
  "timestamp": "2026-04-08T05:11:55.453",
  "search_settings": {
    "iterations": 10000,
    "seed": 777,
    "time_horizon": 10000
  },
  "periodic_RS": {
    "cost": 19031.97985893117,
    "S_levels": [
      11,
      9,
      11,
      11,
      11,
      5,
      5,
      5,
      7,
      5,
      5,
      5
    ],
    "ordering_frequency": 0.3023812318768123,
    "std_error": 6.662552541750387,
    "best_R": 3,
    "analytical_cost": 19680.745420329993
  }
}