{
  "individual_sS": {
    "cost": 3296.334318468357,
    "S_levels": [
      43,
      30
    ],
    "ordering_frequency": 0.029520907909209082,
    "s_levels": [
      -1,
      -1
    ],
    "std_error": 0.4793454521900268,
    "best_alpha": 0.95
  },
  "aggregate_QS": {
    "average_weeks_between_orders": 45.46421596616348,
    "cost": 2681.490464274139,
    "S_levels": [
      35,
      19
    ],
    "ordering_frequency": 0.021995320467953196,
    "best_Q": 52,
    "std_error": 0.4679726495198537,
    "analytical_cost": 2681.6596376048274
  },
  "hybrid_RQS": {
    "average_weeks_between_orders": 45.46409195920643,
    "cost": 2681.495617830378,
    "S_levels": [
      35,
      19
    ],
    "ordering_frequency": 0.0219953804619538,
    "best_Q": 52,
    "std_error": 0.46791702322792356,
    "best_R": 74,
    "analytical_cost": 2681.6540598971787
  },
  "mdp": {
    "cost": 2606.9531145023752,
    "ordering_frequency": 0.0219862513748625,
    "std_error": 0.3837797829650089
  },
  "can_order": {
    "average_weeks_between_orders": 43.88557366532084,
    "cost": 2705.650092831724,
    "best_omega": 0.3,
    "ordering_frequency": 0.02278653134686531,
    "S_levels": [
      33,
      23
    ],
    "s_levels": [
      -1,
      -1
    ],
    "std_error": 0.3838025748573073,
    "best_alpha": 0.55
  },
  "instance_name": "2D_CaseLMM",
  "timestamp": "2026-05-12T16:24:53.647",
  "search_settings": {
    "iterations": 10000,
    "seed": 777,
    "time_horizon": 10000
  },
  "periodic_RS": {
    "cost": 2869.014273712142,
    "S_levels": [
      38,
      20
    ],
    "ordering_frequency": 0.02179782021797821,
    "std_error": 0.5876116456398716,
    "best_R": 46,
    "analytical_cost": 2869.9384581365703
  }
}