{
  "individual_sS": {
    "cost": 37524.415735903094,
    "S_levels": [
      82,
      76,
      82,
      82,
      82,
      58,
      58,
      58,
      68,
      58,
      58,
      58
    ],
    "ordering_frequency": 0.08842644735526448,
    "s_levels": [
      -1,
      -1,
      -1,
      -1,
      -1,
      -1,
      -1,
      -1,
      -1,
      -1,
      -1,
      -1
    ],
    "std_error": 3.741342063769384,
    "best_alpha": 0.85
  },
  "aggregate_QS": {
    "average_weeks_between_orders": 37.11975081775916,
    "cost": 15927.101647911415,
    "S_levels": [
      33,
      29,
      33,
      33,
      33,
      18,
      18,
      18,
      24,
      18,
      18,
      18
    ],
    "ordering_frequency": 0.02693983601639834,
    "best_Q": 242,
    "std_error": 1.581869880210786,
    "analytical_cost": 15923.406977575009
  },
  "hybrid_RQS": {
    "average_weeks_between_orders": 37.119695708315895,
    "cost": 15927.107583970681,
    "S_levels": [
      33,
      29,
      33,
      33,
      33,
      18,
      18,
      18,
      24,
      18,
      18,
      18
    ],
    "ordering_frequency": 0.026939876012398743,
    "best_Q": 242,
    "std_error": 1.5818517523649915,
    "best_R": 47,
    "analytical_cost": 15923.405256750386
  },
  "can_order": {
    "average_weeks_between_orders": 37.21392331349411,
    "cost": 16955.140282858174,
    "best_omega": 0.2,
    "ordering_frequency": 0.026871662833716618,
    "S_levels": [
      35,
      32,
      35,
      35,
      35,
      24,
      24,
      24,
      29,
      24,
      24,
      24
    ],
    "s_levels": [
      0,
      0,
      0,
      0,
      0,
      -1,
      -1,
      -1,
      -1,
      -1,
      -1,
      -1
    ],
    "std_error": 1.4722252524926105,
    "best_alpha": 0.15
  },
  "instance_name": "12D_CaseLHH",
  "timestamp": "2026-04-08T01:58:12.785",
  "search_settings": {
    "iterations": 10000,
    "seed": 777,
    "time_horizon": 10000
  },
  "periodic_RS": {
    "cost": 16122.94239824928,
    "S_levels": [
      33,
      29,
      33,
      33,
      33,
      18,
      18,
      18,
      24,
      18,
      18,
      18
    ],
    "ordering_frequency": 0.027097290270972907,
    "std_error": 1.7625456120737204,
    "best_R": 37,
    "analytical_cost": 16123.497796104391
  }
}