{
  "individual_sS": {
    "cost": 26926.53381780534,
    "S_levels": [
      57,
      53,
      57,
      57,
      57,
      40,
      40,
      40,
      48,
      40,
      40,
      40
    ],
    "ordering_frequency": 0.12204436556344363,
    "s_levels": [
      -2,
      -2,
      -2,
      -2,
      -2,
      -2,
      -2,
      -2,
      -2,
      -2,
      -2,
      -2
    ],
    "std_error": 2.4121858965984386,
    "best_alpha": 0.85
  },
  "aggregate_QS": {
    "average_weeks_between_orders": 25.33160825444171,
    "cost": 11862.06508788952,
    "S_levels": [
      22,
      19,
      22,
      22,
      22,
      12,
      12,
      12,
      16,
      12,
      12,
      12
    ],
    "ordering_frequency": 0.03947637236276372,
    "best_Q": 164,
    "std_error": 0.9750207400770813,
    "analytical_cost": 11859.193850500016
  },
  "hybrid_RQS": {
    "average_weeks_between_orders": 25.633040761430223,
    "cost": 11858.910172339201,
    "S_levels": [
      22,
      20,
      22,
      22,
      22,
      12,
      12,
      12,
      16,
      12,
      12,
      12
    ],
    "ordering_frequency": 0.0390121487851215,
    "best_Q": 166,
    "std_error": 0.9799524435224485,
    "best_R": 32,
    "analytical_cost": 11858.573878183206
  },
  "can_order": {
    "average_weeks_between_orders": 20.79856421070582,
    "cost": 12645.897417951614,
    "best_omega": 0.1,
    "ordering_frequency": 0.04808024197580243,
    "S_levels": [
      20,
      19,
      20,
      20,
      20,
      14,
      14,
      14,
      16,
      14,
      14,
      14
    ],
    "s_levels": [
      -1,
      -1,
      -1,
      -1,
      -1,
      -1,
      -1,
      -1,
      -1,
      -1,
      -1,
      -1
    ],
    "std_error": 1.1247885942749312,
    "best_alpha": 0.1
  },
  "instance_name": "12D_CaseLMM",
  "timestamp": "2026-04-08T00:34:05.009",
  "search_settings": {
    "iterations": 10000,
    "seed": 777,
    "time_horizon": 10000
  },
  "periodic_RS": {
    "cost": 12002.99680362067,
    "S_levels": [
      22,
      19,
      22,
      22,
      22,
      12,
      12,
      12,
      16,
      12,
      12,
      12
    ],
    "ordering_frequency": 0.040095990400959916,
    "std_error": 0.975720020416768,
    "best_R": 25,
    "analytical_cost": 12003.057880911538
  }
}