{
  "individual_sS": {
    "cost": 114526.4153240096,
    "S_levels": [
      88,
      88,
      88,
      88,
      88,
      88,
      88,
      88,
      88,
      88,
      88,
      88,
      88,
      88,
      88,
      44,
      44,
      44,
      44,
      44,
      44,
      44,
      44,
      44,
      44,
      44,
      44,
      44,
      44,
      44,
      22,
      22,
      22,
      22,
      22,
      22,
      22,
      22,
      22,
      22,
      22,
      22,
      22,
      22,
      22,
      22,
      22,
      22,
      22,
      22
    ],
    "ordering_frequency": 0.3916139886011399,
    "s_levels": [
      -3,
      -3,
      -3,
      -3,
      -3,
      -3,
      -3,
      -3,
      -3,
      -3,
      -3,
      -3,
      -3,
      -3,
      -3,
      -2,
      -2,
      -2,
      -2,
      -2,
      -2,
      -2,
      -2,
      -2,
      -2,
      -2,
      -2,
      -2,
      -2,
      -2,
      -1,
      -1,
      -1,
      -1,
      -1,
      -1,
      -1,
      -1,
      -1,
      -1,
      -1,
      -1,
      -1,
      -1,
      -1,
      -1,
      -1,
      -1,
      -1,
      -1
    ],
    "std_error": 10.370297831823034,
    "best_alpha": 0.6
  },
  "aggregate_QS": {
    "average_weeks_between_orders": 11.91736325627026,
    "cost": 50038.41449583124,
    "S_levels": [
      27,
      27,
      27,
      26,
      26,
      26,
      27,
      26,
      27,
      27,
      27,
      27,
      27,
      26,
      27,
      14,
      14,
      14,
      14,
      14,
      14,
      14,
      14,
      14,
      14,
      14,
      14,
      14,
      14,
      14,
      7,
      7,
      7,
      7,
      7,
      7,
      7,
      7,
      7,
      7,
      7,
      7,
      7,
      7,
      7,
      7,
      7,
      7,
      7,
      7
    ],
    "ordering_frequency": 0.08391117888211179,
    "best_Q": 298,
    "std_error": 5.962543765201446,
    "analytical_cost": 49996.86777950182
  },
  "hybrid_RQS": {
    "average_weeks_between_orders": 11.728522180405099,
    "cost": 50031.131707264256,
    "S_levels": [
      26,
      26,
      26,
      26,
      26,
      26,
      26,
      26,
      26,
      26,
      26,
      27,
      26,
      26,
      26,
      14,
      14,
      14,
      14,
      14,
      14,
      14,
      14,
      14,
      14,
      14,
      14,
      14,
      14,
      14,
      7,
      7,
      7,
      7,
      7,
      7,
      7,
      7,
      7,
      7,
      7,
      7,
      7,
      7,
      7,
      7,
      7,
      7,
      7,
      7
    ],
    "ordering_frequency": 0.08526223377662234,
    "best_Q": 293,
    "std_error": 5.88075169000898,
    "best_R": 20,
    "analytical_cost": 50004.85282626138
  },
  "can_order": {
    "average_weeks_between_orders": 9.995374603173333,
    "cost": 58295.25227746046,
    "best_omega": 0.1,
    "ordering_frequency": 0.10004627537246276,
    "S_levels": [
      43,
      43,
      43,
      43,
      43,
      43,
      43,
      43,
      43,
      43,
      43,
      43,
      43,
      43,
      43,
      22,
      22,
      22,
      22,
      22,
      22,
      22,
      22,
      22,
      22,
      22,
      22,
      22,
      22,
      22,
      11,
      11,
      11,
      11,
      11,
      11,
      11,
      11,
      11,
      11,
      11,
      11,
      11,
      11,
      11,
      11,
      11,
      11,
      11,
      11
    ],
    "s_levels": [
      -1,
      -1,
      -1,
      -1,
      -1,
      -1,
      -1,
      -1,
      -1,
      -1,
      -1,
      -1,
      -1,
      -1,
      -1,
      -1,
      -1,
      -1,
      -1,
      -1,
      -1,
      -1,
      -1,
      -1,
      -1,
      -1,
      -1,
      -1,
      -1,
      -1,
      -1,
      -1,
      -1,
      -1,
      -1,
      -1,
      -1,
      -1,
      -1,
      -1,
      -1,
      -1,
      -1,
      -1,
      -1,
      -1,
      -1,
      -1,
      -1,
      -1
    ],
    "std_error": 7.016225745207063,
    "best_alpha": 0.15
  },
  "instance_name": "50D_CaseMM",
  "timestamp": "2026-04-09T06:37:47.784",
  "search_settings": {
    "iterations": 10000,
    "seed": 777,
    "time_horizon": 10000
  },
  "periodic_RS": {
    "cost": 51055.26171145116,
    "S_levels": [
      28,
      28,
      28,
      28,
      28,
      28,
      28,
      28,
      28,
      28,
      28,
      28,
      28,
      28,
      28,
      14,
      14,
      14,
      14,
      14,
      14,
      14,
      14,
      14,
      14,
      14,
      14,
      14,
      14,
      14,
      7,
      7,
      7,
      7,
      7,
      7,
      7,
      7,
      7,
      7,
      7,
      7,
      7,
      7,
      7,
      7,
      7,
      7,
      7,
      7
    ],
    "ordering_frequency": 0.08339166083391666,
    "std_error": 6.359924983598037,
    "best_R": 12,
    "analytical_cost": 51062.01369134582
  }
}