{
  "individual_sS": {
    "cost": 2285.4094266492993,
    "S_levels": [
      25,
      18
    ],
    "ordering_frequency": 0.04268096190380962,
    "s_levels": [
      -1,
      -1
    ],
    "std_error": 0.8413660571388479,
    "best_alpha": 0.95
  },
  "aggregate_QS": {
    "average_weeks_between_orders": 26.166743458379553,
    "cost": 2263.2973915133844,
    "S_levels": [
      20,
      15
    ],
    "ordering_frequency": 0.038216448355164474,
    "best_Q": 26,
    "std_error": 0.9354371210248306,
    "analytical_cost": 2263.165445256657
  },
  "hybrid_RQS": {
    "average_weeks_between_orders": 26.16594931168196,
    "cost": 2263.3222141955816,
    "S_levels": [
      20,
      15
    ],
    "ordering_frequency": 0.038217608239176075,
    "best_Q": 26,
    "std_error": 0.9352799718657704,
    "best_R": 85,
    "analytical_cost": 2263.1373617183817
  },
  "mdp": {
    "cost": 2065.241606340482,
    "ordering_frequency": 0.035308039196080394,
    "std_error": 0.8122733337958631
  },
  "can_order": {
    "average_weeks_between_orders": 29.032248700211046,
    "cost": 2068.160287638233,
    "best_omega": 0.1,
    "ordering_frequency": 0.03444445555444455,
    "S_levels": [
      22,
      15
    ],
    "s_levels": [
      -1,
      -1
    ],
    "std_error": 0.804714879758318,
    "best_alpha": 0.7
  },
  "instance_name": "2D_CaseMLM",
  "timestamp": "2026-05-12T16:26:30.630",
  "search_settings": {
    "iterations": 10000,
    "seed": 777,
    "time_horizon": 10000
  },
  "periodic_RS": {
    "cost": 3267.6629436081826,
    "S_levels": [
      33,
      16
    ],
    "ordering_frequency": 0.045475802419758016,
    "std_error": 2.3123214760686657,
    "best_R": 22,
    "analytical_cost": 3269.752753316439
  }
}