{
  "individual_sS": {
    "cost": 13764.24336693315,
    "S_levels": [
      23,
      21,
      23,
      23,
      23,
      16,
      16,
      16,
      19,
      16,
      16,
      16
    ],
    "ordering_frequency": 0.2436363663633637,
    "s_levels": [
      -1,
      -1,
      -1,
      -1,
      -1,
      -1,
      -1,
      -1,
      -1,
      -1,
      -1,
      -1
    ],
    "std_error": 2.160437147766648,
    "best_alpha": 0.8
  },
  "aggregate_QS": {
    "average_weeks_between_orders": 7.386306020544729,
    "cost": 11313.539990019555,
    "S_levels": [
      13,
      12,
      13,
      13,
      13,
      8,
      8,
      8,
      10,
      8,
      8,
      8
    ],
    "ordering_frequency": 0.1353856714328567,
    "best_Q": 42,
    "std_error": 2.2815104355705667,
    "analytical_cost": 11315.299201631144
  },
  "hybrid_RQS": {
    "average_weeks_between_orders": 7.386273289452917,
    "cost": 11313.564334317729,
    "S_levels": [
      13,
      12,
      13,
      13,
      13,
      8,
      8,
      8,
      10,
      8,
      8,
      8
    ],
    "ordering_frequency": 0.13538627137286272,
    "best_Q": 42,
    "std_error": 2.2815469405722464,
    "best_R": 21,
    "analytical_cost": 11315.28887628145
  },
  "can_order": {
    "average_weeks_between_orders": 7.564966542364002,
    "cost": 10718.64901754295,
    "best_omega": 0.0,
    "ordering_frequency": 0.1321882911708829,
    "S_levels": [
      15,
      14,
      15,
      15,
      15,
      10,
      10,
      10,
      12,
      10,
      10,
      10
    ],
    "s_levels": [
      -1,
      -1,
      -1,
      -1,
      -1,
      -1,
      -1,
      -1,
      -1,
      -1,
      -1,
      -1
    ],
    "std_error": 2.0599564570118494,
    "best_alpha": 0.3
  },
  "instance_name": "12D_CaseMLM",
  "timestamp": "2026-04-08T00:33:47.994",
  "search_settings": {
    "iterations": 10000,
    "seed": 777,
    "time_horizon": 10000
  },
  "periodic_RS": {
    "cost": 12793.222115911281,
    "S_levels": [
      17,
      14,
      16,
      16,
      16,
      8,
      8,
      8,
      12,
      8,
      8,
      8
    ],
    "ordering_frequency": 0.14288563143685645,
    "std_error": 3.0763700156065243,
    "best_R": 7,
    "analytical_cost": 12791.501127757048
  }
}