{
  "individual_sS": {
    "cost": 35301.17987551737,
    "S_levels": [
      79,
      74,
      79,
      79,
      79,
      56,
      56,
      56,
      66,
      56,
      56,
      56
    ],
    "ordering_frequency": 0.07817569243075692,
    "s_levels": [
      -16,
      -15,
      -16,
      -16,
      -16,
      -11,
      -11,
      -11,
      -13,
      -11,
      -11,
      -11
    ],
    "std_error": 3.577593277700976,
    "best_alpha": 0.95
  },
  "aggregate_QS": {
    "average_weeks_between_orders": 43.0092821952495,
    "cost": 13076.503255745745,
    "S_levels": [
      28,
      24,
      28,
      28,
      28,
      14,
      14,
      14,
      20,
      14,
      14,
      14
    ],
    "ordering_frequency": 0.02325079492050795,
    "best_Q": 281,
    "std_error": 0.8154694720143201,
    "analytical_cost": 13075.404656614863
  },
  "hybrid_RQS": {
    "average_weeks_between_orders": 43.00891227575245,
    "cost": 13076.51782411651,
    "S_levels": [
      28,
      24,
      28,
      28,
      28,
      14,
      14,
      14,
      20,
      14,
      14,
      14
    ],
    "ordering_frequency": 0.02325099490050995,
    "best_Q": 281,
    "std_error": 0.8153028200917647,
    "best_R": 52,
    "analytical_cost": 13074.939465358595
  },
  "can_order": {
    "average_weeks_between_orders": 40.71564431764146,
    "cost": 14964.498767623443,
    "best_omega": 0.2,
    "ordering_frequency": 0.024560583941605842,
    "S_levels": [
      32,
      29,
      32,
      32,
      32,
      22,
      22,
      22,
      26,
      22,
      22,
      22
    ],
    "s_levels": [
      -6,
      -6,
      -6,
      -6,
      -6,
      -5,
      -5,
      -5,
      -5,
      -5,
      -5,
      -5
    ],
    "std_error": 1.3836437534308212,
    "best_alpha": 0.15
  },
  "instance_name": "12D_CaseLHL",
  "timestamp": "2026-04-08T02:13:23.569",
  "search_settings": {
    "iterations": 10000,
    "seed": 777,
    "time_horizon": 10000
  },
  "periodic_RS": {
    "cost": 13151.387099110072,
    "S_levels": [
      28,
      24,
      28,
      28,
      28,
      14,
      14,
      14,
      20,
      14,
      14,
      14
    ],
    "ordering_frequency": 0.023297670232976683,
    "std_error": 0.8425655338324841,
    "best_R": 43,
    "analytical_cost": 13151.716250948633
  }
}