{
  "individual_sS": {
    "cost": 144903.0440584726,
    "S_levels": [
      120,
      120,
      120,
      120,
      120,
      120,
      120,
      120,
      120,
      120,
      120,
      120,
      120,
      120,
      120,
      60,
      60,
      60,
      60,
      60,
      60,
      60,
      60,
      60,
      60,
      60,
      60,
      60,
      60,
      60,
      30,
      30,
      30,
      30,
      30,
      30,
      30,
      30,
      30,
      30,
      30,
      30,
      30,
      30,
      30,
      30,
      30,
      30,
      30,
      30
    ],
    "ordering_frequency": 0.3189250374962504,
    "s_levels": [
      -4,
      -4,
      -4,
      -4,
      -4,
      -4,
      -4,
      -4,
      -4,
      -4,
      -4,
      -4,
      -4,
      -4,
      -4,
      -2,
      -2,
      -2,
      -2,
      -2,
      -2,
      -2,
      -2,
      -2,
      -2,
      -2,
      -2,
      -2,
      -2,
      -2,
      -1,
      -1,
      -1,
      -1,
      -1,
      -1,
      -1,
      -1,
      -1,
      -1,
      -1,
      -1,
      -1,
      -1,
      -1,
      -1,
      -1,
      -1,
      -1,
      -1
    ],
    "std_error": 13.291396568193655,
    "best_alpha": 0.6
  },
  "aggregate_QS": {
    "average_weeks_between_orders": 20.297597978886124,
    "cost": 36449.72355650898,
    "S_levels": [
      22,
      22,
      22,
      22,
      22,
      22,
      22,
      22,
      22,
      22,
      22,
      22,
      22,
      22,
      22,
      12,
      12,
      12,
      12,
      12,
      12,
      12,
      12,
      12,
      12,
      12,
      12,
      12,
      12,
      12,
      7,
      7,
      7,
      7,
      7,
      7,
      7,
      7,
      7,
      7,
      7,
      7,
      7,
      7,
      7,
      7,
      7,
      7,
      7,
      7
    ],
    "ordering_frequency": 0.04926691330866911,
    "best_Q": 524,
    "std_error": 1.83181389710757,
    "analytical_cost": 36448.5891011698
  },
  "hybrid_RQS": {
    "average_weeks_between_orders": 20.410508156550105,
    "cost": 36449.10543407914,
    "S_levels": [
      22,
      22,
      22,
      22,
      22,
      22,
      22,
      22,
      22,
      22,
      22,
      22,
      22,
      22,
      22,
      12,
      12,
      12,
      12,
      12,
      12,
      12,
      12,
      12,
      12,
      12,
      12,
      12,
      12,
      12,
      7,
      7,
      7,
      7,
      7,
      7,
      7,
      7,
      7,
      7,
      7,
      7,
      7,
      7,
      7,
      7,
      7,
      7,
      7,
      7
    ],
    "ordering_frequency": 0.048994370562943666,
    "best_Q": 527,
    "std_error": 1.8433158035004984,
    "best_R": 25,
    "analytical_cost": 36450.5429303512
  },
  "can_order": {
    "average_weeks_between_orders": 18.2078229735718,
    "cost": 43682.23844206353,
    "best_omega": 0.1,
    "ordering_frequency": 0.05492144785521448,
    "S_levels": [
      35,
      35,
      35,
      35,
      35,
      35,
      35,
      35,
      35,
      35,
      35,
      35,
      35,
      35,
      35,
      17,
      17,
      17,
      17,
      17,
      17,
      17,
      17,
      17,
      17,
      17,
      17,
      17,
      17,
      17,
      8,
      8,
      8,
      8,
      8,
      8,
      8,
      8,
      8,
      8,
      8,
      8,
      8,
      8,
      8,
      8,
      8,
      8,
      8,
      8
    ],
    "s_levels": [
      -1,
      -1,
      -1,
      -1,
      -1,
      -1,
      -1,
      -1,
      -1,
      -1,
      -1,
      -1,
      -1,
      -1,
      -1,
      -1,
      -1,
      -1,
      -1,
      -1,
      -1,
      -1,
      -1,
      -1,
      -1,
      -1,
      -1,
      -1,
      -1,
      -1,
      -1,
      -1,
      -1,
      -1,
      -1,
      -1,
      -1,
      -1,
      -1,
      -1,
      -1,
      -1,
      -1,
      -1,
      -1,
      -1,
      -1,
      -1,
      -1,
      -1
    ],
    "std_error": 3.9417586397818867,
    "best_alpha": 0.05
  },
  "instance_name": "50D_CaseLH",
  "timestamp": "2026-04-09T08:31:48.004",
  "search_settings": {
    "iterations": 10000,
    "seed": 777,
    "time_horizon": 10000
  },
  "periodic_RS": {
    "cost": 36566.995209135304,
    "S_levels": [
      22,
      22,
      22,
      22,
      22,
      22,
      22,
      22,
      22,
      22,
      22,
      22,
      22,
      22,
      22,
      12,
      12,
      12,
      12,
      12,
      12,
      12,
      12,
      12,
      12,
      12,
      12,
      12,
      12,
      12,
      7,
      7,
      7,
      7,
      7,
      7,
      7,
      7,
      7,
      7,
      7,
      7,
      7,
      7,
      7,
      7,
      7,
      7,
      7,
      7
    ],
    "ordering_frequency": 0.05009499050094992,
    "std_error": 1.7294912344296514,
    "best_R": 20,
    "analytical_cost": 36569.8724642752
  }
}