{
  "individual_sS": {
    "cost": 24399.287568206004,
    "S_levels": [
      35,
      34,
      35,
      35,
      35,
      28,
      28,
      28,
      31,
      28,
      28,
      28
    ],
    "ordering_frequency": 0.11356406359364062,
    "s_levels": [
      -10,
      -10,
      -10,
      -10,
      -10,
      -8,
      -8,
      -8,
      -9,
      -8,
      -8,
      -8
    ],
    "std_error": 6.509165189376398,
    "best_alpha": 0.9
  },
  "aggregate_QS": {
    "average_weeks_between_orders": 17.492724628727807,
    "cost": 15624.36603813406,
    "S_levels": [
      9,
      9,
      9,
      9,
      9,
      6,
      6,
      6,
      7,
      6,
      6,
      6
    ],
    "ordering_frequency": 0.057166623337666235,
    "best_Q": 97,
    "std_error": 4.850836423611125,
    "analytical_cost": 15605.863805010169
  },
  "hybrid_RQS": {
    "average_weeks_between_orders": 17.492666495605494,
    "cost": 15624.395046771979,
    "S_levels": [
      9,
      9,
      9,
      9,
      9,
      6,
      6,
      6,
      7,
      6,
      6,
      6
    ],
    "ordering_frequency": 0.05716681331866813,
    "best_Q": 97,
    "std_error": 4.85043821928505,
    "best_R": 62,
    "analytical_cost": 15605.863805010169
  },
  "can_order": {
    "average_weeks_between_orders": 13.35613799410599,
    "cost": 19305.82757396069,
    "best_omega": 0.2,
    "ordering_frequency": 0.07487194280571943,
    "S_levels": [
      24,
      23,
      24,
      24,
      24,
      20,
      20,
      20,
      22,
      20,
      20,
      20
    ],
    "s_levels": [
      -8,
      -7,
      -8,
      -8,
      -8,
      -6,
      -6,
      -6,
      -7,
      -6,
      -6,
      -6
    ],
    "std_error": 6.495673297947036,
    "best_alpha": 0.55
  },
  "instance_name": "12D_CaseHML",
  "timestamp": "2026-04-08T05:36:16.179",
  "search_settings": {
    "iterations": 10000,
    "seed": 777,
    "time_horizon": 10000
  },
  "periodic_RS": {
    "cost": 18187.280243652564,
    "S_levels": [
      10,
      9,
      10,
      10,
      10,
      5,
      5,
      5,
      7,
      5,
      5,
      5
    ],
    "ordering_frequency": 0.06259356064393554,
    "std_error": 6.1096977600807465,
    "best_R": 16,
    "analytical_cost": 18196.75479924874
  }
}