{
  "individual_sS": {
    "cost": 34607.790326995375,
    "S_levels": [
      57,
      54,
      57,
      57,
      57,
      44,
      44,
      44,
      50,
      44,
      44,
      44
    ],
    "ordering_frequency": 0.08135061493850615,
    "s_levels": [
      -15,
      -14,
      -15,
      -15,
      -15,
      -11,
      -11,
      -11,
      -13,
      -11,
      -11,
      -11
    ],
    "std_error": 9.33700651334414,
    "best_alpha": 0.9
  },
  "aggregate_QS": {
    "average_weeks_between_orders": 26.121349220838894,
    "cost": 20554.586232321704,
    "S_levels": [
      16,
      15,
      16,
      16,
      16,
      10,
      10,
      10,
      12,
      10,
      10,
      9
    ],
    "ordering_frequency": 0.03828286171382861,
    "best_Q": 154,
    "std_error": 6.714117903734032,
    "analytical_cost": 20525.46500156734
  },
  "hybrid_RQS": {
    "average_weeks_between_orders": 26.12134239827408,
    "cost": 20554.580406848498,
    "S_levels": [
      16,
      15,
      16,
      16,
      16,
      10,
      10,
      10,
      12,
      10,
      10,
      9
    ],
    "ordering_frequency": 0.03828287171282871,
    "best_Q": 154,
    "std_error": 6.714083783256293,
    "best_R": 85,
    "analytical_cost": 20525.46500156734
  },
  "can_order": {
    "average_weeks_between_orders": 19.867627289589592,
    "cost": 25345.359578517986,
    "best_omega": 0.2,
    "ordering_frequency": 0.05033313668633136,
    "S_levels": [
      35,
      34,
      35,
      35,
      35,
      28,
      28,
      28,
      31,
      28,
      28,
      28
    ],
    "s_levels": [
      -10,
      -10,
      -10,
      -10,
      -10,
      -8,
      -8,
      -8,
      -9,
      -8,
      -8,
      -8
    ],
    "std_error": 9.31633661929145,
    "best_alpha": 0.45
  },
  "instance_name": "12D_CaseHHL",
  "timestamp": "2026-04-08T10:41:22.659",
  "search_settings": {
    "iterations": 10000,
    "seed": 777,
    "time_horizon": 10000
  },
  "periodic_RS": {
    "cost": 23162.50347286214,
    "S_levels": [
      20,
      18,
      20,
      20,
      20,
      10,
      10,
      10,
      14,
      10,
      10,
      10
    ],
    "ordering_frequency": 0.03709629037096294,
    "std_error": 8.363222184249096,
    "best_R": 27,
    "analytical_cost": 23172.35707330463
  }
}