{
  "individual_sS": {
    "cost": 37542.41414088202,
    "S_levels": [
      81,
      76,
      81,
      81,
      81,
      57,
      57,
      57,
      67,
      57,
      57,
      57
    ],
    "ordering_frequency": 0.0879115688431157,
    "s_levels": [
      -3,
      -3,
      -3,
      -3,
      -3,
      -2,
      -2,
      -2,
      -3,
      -2,
      -2,
      -2
    ],
    "std_error": 3.921008637656332,
    "best_alpha": 0.85
  },
  "aggregate_QS": {
    "average_weeks_between_orders": 38.48008104633807,
    "cost": 15188.840447698873,
    "S_levels": [
      32,
      28,
      32,
      32,
      32,
      17,
      17,
      17,
      23,
      17,
      17,
      17
    ],
    "ordering_frequency": 0.02598747125287472,
    "best_Q": 251,
    "std_error": 1.2747878307789258,
    "analytical_cost": 15186.675773857318
  },
  "hybrid_RQS": {
    "average_weeks_between_orders": 38.01824617318088,
    "cost": 15188.54445629712,
    "S_levels": [
      31,
      28,
      31,
      31,
      31,
      17,
      17,
      17,
      23,
      17,
      17,
      17
    ],
    "ordering_frequency": 0.026303159684031602,
    "best_Q": 248,
    "std_error": 1.2812474163310918,
    "best_R": 44,
    "analytical_cost": 15186.026259407934
  },
  "can_order": {
    "average_weeks_between_orders": 29.99538117318201,
    "cost": 16450.56146957688,
    "best_omega": 0.1,
    "ordering_frequency": 0.03333846615338466,
    "S_levels": [
      28,
      26,
      28,
      28,
      28,
      19,
      19,
      19,
      23,
      19,
      19,
      19
    ],
    "s_levels": [
      -1,
      -1,
      -1,
      -1,
      -1,
      -1,
      -1,
      -1,
      -1,
      -1,
      -1,
      -1
    ],
    "std_error": 1.5444424217248558,
    "best_alpha": 0.1
  },
  "instance_name": "12D_CaseLHM",
  "timestamp": "2026-04-08T01:44:34.889",
  "search_settings": {
    "iterations": 10000,
    "seed": 777,
    "time_horizon": 10000
  },
  "periodic_RS": {
    "cost": 15344.44260436697,
    "S_levels": [
      32,
      28,
      32,
      32,
      32,
      17,
      17,
      17,
      23,
      17,
      17,
      17
    ],
    "ordering_frequency": 0.026397360263973626,
    "std_error": 1.3063945697873118,
    "best_R": 38,
    "analytical_cost": 15344.865245402436
  }
}