{
  "individual_sS": {
    "cost": 3062.8909947630727,
    "S_levels": [
      35,
      26
    ],
    "ordering_frequency": 0.027182211778822112,
    "s_levels": [
      -8,
      -6
    ],
    "std_error": 1.034602286275596,
    "best_alpha": 0.95
  },
  "aggregate_QS": {
    "average_weeks_between_orders": 48.62057767138497,
    "cost": 2656.0961804847598,
    "S_levels": [
      28,
      17
    ],
    "ordering_frequency": 0.020567423257674237,
    "best_Q": 52,
    "std_error": 1.0712761343796,
    "analytical_cost": 2656.5502194515207
  },
  "hybrid_RQS": {
    "average_weeks_between_orders": 48.62057767138497,
    "cost": 2656.0961804847598,
    "S_levels": [
      28,
      17
    ],
    "ordering_frequency": 0.020567423257674237,
    "best_Q": 52,
    "std_error": 1.0712761343796,
    "best_R": 1000,
    "analytical_cost": 2656.5502194515207
  },
  "mdp": {
    "cost": 2571.289090007426,
    "ordering_frequency": 0.02089510048995101,
    "std_error": 0.9729085602413637
  },
  "can_order": {
    "average_weeks_between_orders": 47.1560440223667,
    "cost": 2636.303913906916,
    "best_omega": 0.2,
    "ordering_frequency": 0.021206189381061894,
    "S_levels": [
      30,
      22
    ],
    "s_levels": [
      -7,
      -5
    ],
    "std_error": 1.011941656756156,
    "best_alpha": 0.7
  },
  "instance_name": "2D_CaseMML",
  "timestamp": "2026-05-12T16:40:00.452",
  "search_settings": {
    "iterations": 10000,
    "seed": 777,
    "time_horizon": 10000
  },
  "periodic_RS": {
    "cost": 3181.0129630987212,
    "S_levels": [
      33,
      17
    ],
    "ordering_frequency": 0.02179782021797821,
    "std_error": 1.5998702700719707,
    "best_R": 46,
    "analytical_cost": 3181.595835499569
  }
}