{
  "individual_sS": {
    "cost": 111031.35220443664,
    "S_levels": [
      93,
      93,
      93,
      93,
      93,
      93,
      93,
      93,
      93,
      93,
      93,
      93,
      93,
      93,
      93,
      46,
      46,
      46,
      46,
      46,
      46,
      46,
      46,
      46,
      46,
      46,
      46,
      46,
      46,
      46,
      23,
      23,
      23,
      23,
      23,
      23,
      23,
      23,
      23,
      23,
      23,
      23,
      23,
      23,
      23,
      23,
      23,
      23,
      23,
      23
    ],
    "ordering_frequency": 0.3918572142785722,
    "s_levels": [
      -3,
      -3,
      -3,
      -3,
      -3,
      -3,
      -3,
      -3,
      -3,
      -3,
      -3,
      -3,
      -3,
      -3,
      -3,
      -2,
      -2,
      -2,
      -2,
      -2,
      -2,
      -2,
      -2,
      -2,
      -2,
      -2,
      -2,
      -2,
      -2,
      -2,
      -1,
      -1,
      -1,
      -1,
      -1,
      -1,
      -1,
      -1,
      -1,
      -1,
      -1,
      -1,
      -1,
      -1,
      -1,
      -1,
      -1,
      -1,
      -1,
      -1
    ],
    "std_error": 8.932779518147829,
    "best_alpha": 0.6
  },
  "aggregate_QS": {
    "average_weeks_between_orders": 16.220283155119972,
    "cost": 30681.167018888445,
    "S_levels": [
      18,
      18,
      18,
      18,
      18,
      18,
      18,
      18,
      18,
      18,
      18,
      18,
      18,
      18,
      18,
      10,
      10,
      10,
      10,
      10,
      10,
      10,
      10,
      10,
      10,
      10,
      10,
      10,
      10,
      10,
      6,
      6,
      6,
      6,
      6,
      6,
      6,
      6,
      6,
      6,
      6,
      6,
      6,
      6,
      6,
      6,
      6,
      6,
      6,
      6
    ],
    "ordering_frequency": 0.06165120487951208,
    "best_Q": 416,
    "std_error": 1.491023848238817,
    "analytical_cost": 30685.115626656956
  },
  "hybrid_RQS": {
    "average_weeks_between_orders": 16.030377734108264,
    "cost": 30683.306839423454,
    "S_levels": [
      18,
      18,
      18,
      18,
      18,
      18,
      18,
      18,
      18,
      18,
      18,
      18,
      18,
      18,
      18,
      10,
      10,
      10,
      10,
      10,
      10,
      10,
      10,
      10,
      10,
      10,
      10,
      10,
      10,
      10,
      6,
      6,
      6,
      6,
      6,
      6,
      6,
      6,
      6,
      6,
      6,
      6,
      6,
      6,
      6,
      6,
      6,
      6,
      6,
      6
    ],
    "ordering_frequency": 0.062381561843815644,
    "best_Q": 411,
    "std_error": 1.4397537609390023,
    "best_R": 18,
    "analytical_cost": 30686.091016690967
  },
  "can_order": {
    "average_weeks_between_orders": 15.077844403460261,
    "cost": 35449.800014286295,
    "best_omega": 0.1,
    "ordering_frequency": 0.06632247775222477,
    "S_levels": [
      27,
      27,
      27,
      27,
      27,
      27,
      27,
      27,
      27,
      27,
      27,
      27,
      27,
      27,
      27,
      14,
      14,
      14,
      14,
      14,
      14,
      14,
      14,
      14,
      14,
      14,
      14,
      14,
      14,
      14,
      7,
      7,
      7,
      7,
      7,
      7,
      7,
      7,
      7,
      7,
      7,
      7,
      7,
      7,
      7,
      7,
      7,
      7,
      7,
      7
    ],
    "s_levels": [
      -1,
      -1,
      -1,
      -1,
      -1,
      -1,
      -1,
      -1,
      -1,
      -1,
      -1,
      -1,
      -1,
      -1,
      -1,
      -1,
      -1,
      -1,
      -1,
      -1,
      -1,
      -1,
      -1,
      -1,
      -1,
      -1,
      -1,
      -1,
      -1,
      -1,
      -1,
      -1,
      -1,
      -1,
      -1,
      -1,
      -1,
      -1,
      -1,
      -1,
      -1,
      -1,
      -1,
      -1,
      -1,
      -1,
      -1,
      -1,
      -1,
      -1
    ],
    "std_error": 2.785394855570402,
    "best_alpha": 0.05
  },
  "instance_name": "50D_CaseLM",
  "timestamp": "2026-04-09T02:27:11.632",
  "search_settings": {
    "iterations": 10000,
    "seed": 777,
    "time_horizon": 10000
  },
  "periodic_RS": {
    "cost": 30771.78002211091,
    "S_levels": [
      18,
      18,
      18,
      18,
      18,
      18,
      18,
      18,
      18,
      18,
      18,
      18,
      18,
      18,
      18,
      10,
      10,
      10,
      10,
      10,
      10,
      10,
      10,
      10,
      10,
      10,
      10,
      10,
      10,
      10,
      6,
      6,
      6,
      6,
      6,
      6,
      6,
      6,
      6,
      6,
      6,
      6,
      6,
      6,
      6,
      6,
      6,
      6,
      6,
      6
    ],
    "ordering_frequency": 0.06259374062593737,
    "std_error": 1.4635887297448185,
    "best_R": 16,
    "analytical_cost": 30775.09244142864
  }
}