{
  "individual_sS": {
    "cost": 150188.00952063265,
    "S_levels": [
      115,
      115,
      115,
      115,
      115,
      115,
      115,
      115,
      115,
      115,
      115,
      115,
      115,
      115,
      115,
      58,
      58,
      58,
      58,
      58,
      58,
      58,
      58,
      58,
      58,
      58,
      58,
      58,
      58,
      58,
      29,
      29,
      29,
      29,
      29,
      29,
      29,
      29,
      29,
      29,
      29,
      29,
      29,
      29,
      29,
      29,
      29,
      29,
      29,
      29
    ],
    "ordering_frequency": 0.3196469853014699,
    "s_levels": [
      -4,
      -4,
      -4,
      -4,
      -4,
      -4,
      -4,
      -4,
      -4,
      -4,
      -4,
      -4,
      -4,
      -4,
      -4,
      -2,
      -2,
      -2,
      -2,
      -2,
      -2,
      -2,
      -2,
      -2,
      -2,
      -2,
      -2,
      -2,
      -2,
      -2,
      -1,
      -1,
      -1,
      -1,
      -1,
      -1,
      -1,
      -1,
      -1,
      -1,
      -1,
      -1,
      -1,
      -1,
      -1,
      -1,
      -1,
      -1,
      -1,
      -1
    ],
    "std_error": 14.550173248175083,
    "best_alpha": 0.6
  },
  "aggregate_QS": {
    "average_weeks_between_orders": 15.5437821452129,
    "cost": 57671.53860949651,
    "S_levels": [
      31,
      32,
      31,
      31,
      31,
      31,
      32,
      32,
      31,
      32,
      31,
      32,
      31,
      32,
      32,
      16,
      16,
      16,
      16,
      16,
      16,
      16,
      16,
      16,
      16,
      16,
      16,
      16,
      16,
      16,
      8,
      8,
      8,
      8,
      8,
      8,
      8,
      8,
      8,
      8,
      8,
      8,
      8,
      8,
      8,
      8,
      8,
      8,
      8,
      8
    ],
    "ordering_frequency": 0.06433440655934407,
    "best_Q": 394,
    "std_error": 7.2850010773151395,
    "analytical_cost": 57651.05231837218
  },
  "hybrid_RQS": {
    "average_weeks_between_orders": 15.498381200979647,
    "cost": 57671.687084417805,
    "S_levels": [
      31,
      32,
      31,
      31,
      31,
      31,
      32,
      32,
      31,
      32,
      31,
      32,
      31,
      31,
      32,
      16,
      16,
      16,
      16,
      16,
      16,
      16,
      16,
      16,
      16,
      16,
      16,
      16,
      16,
      16,
      8,
      8,
      8,
      8,
      8,
      8,
      8,
      8,
      8,
      8,
      8,
      8,
      8,
      8,
      8,
      8,
      8,
      8,
      8,
      8
    ],
    "ordering_frequency": 0.06452286771322868,
    "best_Q": 393,
    "std_error": 7.237976167380682,
    "best_R": 21,
    "analytical_cost": 57651.79246853945
  },
  "can_order": {
    "average_weeks_between_orders": 11.11159009620786,
    "cost": 67810.36460335934,
    "best_omega": 0.0,
    "ordering_frequency": 0.0899961203879612,
    "S_levels": [
      46,
      46,
      46,
      46,
      46,
      46,
      46,
      46,
      46,
      46,
      46,
      46,
      46,
      46,
      46,
      23,
      23,
      23,
      23,
      23,
      23,
      23,
      23,
      23,
      23,
      23,
      23,
      23,
      23,
      23,
      11,
      11,
      11,
      11,
      11,
      11,
      11,
      11,
      11,
      11,
      11,
      11,
      11,
      11,
      11,
      11,
      11,
      11,
      11,
      11
    ],
    "s_levels": [
      -2,
      -2,
      -2,
      -2,
      -2,
      -2,
      -2,
      -2,
      -2,
      -2,
      -2,
      -2,
      -2,
      -2,
      -2,
      -1,
      -1,
      -1,
      -1,
      -1,
      -1,
      -1,
      -1,
      -1,
      -1,
      -1,
      -1,
      -1,
      -1,
      -1,
      -1,
      -1,
      -1,
      -1,
      -1,
      -1,
      -1,
      -1,
      -1,
      -1,
      -1,
      -1,
      -1,
      -1,
      -1,
      -1,
      -1,
      -1,
      -1,
      -1
    ],
    "std_error": 9.950756271468421,
    "best_alpha": 0.1
  },
  "instance_name": "50D_CaseMH",
  "timestamp": "2026-04-09T11:30:04.514",
  "search_settings": {
    "iterations": 10000,
    "seed": 777,
    "time_horizon": 10000
  },
  "periodic_RS": {
    "cost": 58619.23407551726,
    "S_levels": [
      34,
      34,
      34,
      34,
      34,
      34,
      34,
      34,
      34,
      34,
      34,
      34,
      34,
      34,
      34,
      17,
      17,
      17,
      17,
      17,
      17,
      17,
      17,
      17,
      17,
      17,
      17,
      17,
      17,
      17,
      8,
      8,
      8,
      8,
      8,
      8,
      8,
      8,
      8,
      8,
      8,
      8,
      8,
      8,
      8,
      8,
      8,
      8,
      8,
      8
    ],
    "ordering_frequency": 0.06259374062593735,
    "std_error": 7.578461408369045,
    "best_R": 16,
    "analytical_cost": 58634.92901971335
  }
}