{
  "individual_sS": {
    "cost": 63620.70372613505,
    "S_levels": [
      38,
      38,
      38,
      38,
      38,
      38,
      38,
      38,
      38,
      38,
      38,
      38,
      38,
      38,
      38,
      19,
      19,
      19,
      19,
      19,
      19,
      19,
      19,
      19,
      19,
      19,
      19,
      19,
      19,
      19,
      9,
      9,
      9,
      9,
      9,
      9,
      9,
      9,
      9,
      9,
      9,
      9,
      9,
      9,
      9,
      9,
      9,
      9,
      9,
      9
    ],
    "ordering_frequency": 0.6589390760923908,
    "s_levels": [
      -1,
      -1,
      -1,
      -1,
      -1,
      -1,
      -1,
      -1,
      -1,
      -1,
      -1,
      -1,
      -1,
      -1,
      -1,
      -1,
      -1,
      -1,
      -1,
      -1,
      -1,
      -1,
      -1,
      -1,
      -1,
      -1,
      -1,
      -1,
      -1,
      -1,
      -1,
      -1,
      -1,
      -1,
      -1,
      -1,
      -1,
      -1,
      -1,
      -1,
      -1,
      -1,
      -1,
      -1,
      -1,
      -1,
      -1,
      -1,
      -1,
      -1
    ],
    "std_error": 5.014203656830052,
    "best_alpha": 0.35
  },
  "aggregate_QS": {
    "average_weeks_between_orders": 5.833186157320233,
    "cost": 37686.66818475175,
    "S_levels": [
      17,
      17,
      17,
      17,
      17,
      17,
      17,
      17,
      17,
      17,
      17,
      17,
      17,
      17,
      17,
      9,
      9,
      9,
      9,
      9,
      9,
      9,
      9,
      9,
      9,
      9,
      9,
      9,
      9,
      9,
      5,
      5,
      5,
      5,
      5,
      5,
      5,
      5,
      5,
      5,
      5,
      5,
      5,
      5,
      5,
      5,
      5,
      5,
      5,
      5
    ],
    "ordering_frequency": 0.17143289671032894,
    "best_Q": 137,
    "std_error": 3.9338219867526454,
    "analytical_cost": 37684.014587524114
  },
  "hybrid_RQS": {
    "average_weeks_between_orders": 6.022111463918032,
    "cost": 37697.072222583076,
    "S_levels": [
      17,
      17,
      17,
      17,
      17,
      17,
      17,
      17,
      17,
      17,
      17,
      17,
      17,
      17,
      17,
      9,
      9,
      9,
      9,
      9,
      9,
      9,
      9,
      9,
      9,
      9,
      9,
      9,
      9,
      9,
      5,
      5,
      5,
      5,
      5,
      5,
      5,
      5,
      5,
      5,
      5,
      5,
      5,
      5,
      5,
      5,
      5,
      5,
      5,
      5
    ],
    "ordering_frequency": 0.16605471452854717,
    "best_Q": 142,
    "std_error": 4.013849255332224,
    "best_R": 11,
    "analytical_cost": 37684.657072847134
  },
  "can_order": {
    "average_weeks_between_orders": 4.030524787143073,
    "cost": 41624.19342702521,
    "best_omega": 0.0,
    "ordering_frequency": 0.24810664933506651,
    "S_levels": [
      25,
      25,
      25,
      25,
      25,
      25,
      25,
      25,
      25,
      25,
      25,
      25,
      25,
      25,
      25,
      13,
      13,
      13,
      13,
      13,
      13,
      13,
      13,
      13,
      13,
      13,
      13,
      13,
      13,
      13,
      6,
      6,
      6,
      6,
      6,
      6,
      6,
      6,
      6,
      6,
      6,
      6,
      6,
      6,
      6,
      6,
      6,
      6,
      6,
      6
    ],
    "s_levels": [
      -1,
      -1,
      -1,
      -1,
      -1,
      -1,
      -1,
      -1,
      -1,
      -1,
      -1,
      -1,
      -1,
      -1,
      -1,
      -1,
      -1,
      -1,
      -1,
      -1,
      -1,
      -1,
      -1,
      -1,
      -1,
      -1,
      -1,
      -1,
      -1,
      -1,
      -1,
      -1,
      -1,
      -1,
      -1,
      -1,
      -1,
      -1,
      -1,
      -1,
      -1,
      -1,
      -1,
      -1,
      -1,
      -1,
      -1,
      -1,
      -1,
      -1
    ],
    "std_error": 4.642050686248913,
    "best_alpha": 0.15
  },
  "instance_name": "50D_CaseML",
  "timestamp": "2026-04-08T23:37:46.580",
  "search_settings": {
    "iterations": 10000,
    "seed": 777,
    "time_horizon": 10000
  },
  "periodic_RS": {
    "cost": 38893.129145306884,
    "S_levels": [
      19,
      19,
      19,
      19,
      19,
      19,
      19,
      19,
      19,
      19,
      19,
      19,
      19,
      19,
      19,
      9,
      9,
      9,
      9,
      9,
      9,
      9,
      9,
      9,
      9,
      9,
      9,
      9,
      9,
      9,
      5,
      5,
      5,
      5,
      5,
      5,
      5,
      5,
      5,
      5,
      5,
      5,
      5,
      5,
      5,
      5,
      5,
      5,
      5,
      5
    ],
    "ordering_frequency": 0.16668333166683333,
    "std_error": 4.3276020931336365,
    "best_R": 6,
    "analytical_cost": 38896.75809828325
  }
}