{
  "individual_sS": {
    "cost": 13140.31712605071,
    "S_levels": [
      25,
      23,
      25,
      25,
      25,
      17,
      17,
      17,
      21,
      17,
      17,
      17
    ],
    "ordering_frequency": 0.2688484751524848,
    "s_levels": [
      0,
      0,
      0,
      0,
      0,
      0,
      0,
      0,
      0,
      0,
      0,
      0
    ],
    "std_error": 1.0263125883346205,
    "best_alpha": 0.75
  },
  "aggregate_QS": {
    "average_weeks_between_orders": 10.95497451799098,
    "cost": 7685.128783890674,
    "S_levels": [
      12,
      11,
      12,
      12,
      12,
      7,
      7,
      7,
      9,
      7,
      7,
      7
    ],
    "ordering_frequency": 0.09128273172682731,
    "best_Q": 69,
    "std_error": 0.6564443341296362,
    "analytical_cost": 7684.11029643844
  },
  "hybrid_RQS": {
    "average_weeks_between_orders": 11.098482301133417,
    "cost": 7685.671746061454,
    "S_levels": [
      12,
      11,
      12,
      12,
      12,
      7,
      7,
      7,
      9,
      7,
      7,
      7
    ],
    "ordering_frequency": 0.09010240975902412,
    "best_Q": 70,
    "std_error": 0.6768068725872927,
    "best_R": 14,
    "analytical_cost": 7683.3255894537
  },
  "can_order": {
    "average_weeks_between_orders": 11.490981572951188,
    "cost": 7798.010124724345,
    "best_omega": 0.2,
    "ordering_frequency": 0.08702476752324767,
    "S_levels": [
      13,
      12,
      13,
      13,
      13,
      9,
      9,
      9,
      11,
      9,
      9,
      9
    ],
    "s_levels": [
      0,
      0,
      0,
      0,
      0,
      0,
      0,
      0,
      0,
      0,
      0,
      0
    ],
    "std_error": 0.5349242109446452,
    "best_alpha": 0.2
  },
  "instance_name": "12D_CaseLLH",
  "timestamp": "2026-04-07T22:01:24.335",
  "search_settings": {
    "iterations": 10000,
    "seed": 777,
    "time_horizon": 10000
  },
  "periodic_RS": {
    "cost": 7814.149949326575,
    "S_levels": [
      12,
      11,
      12,
      12,
      12,
      7,
      7,
      7,
      9,
      7,
      7,
      7
    ],
    "ordering_frequency": 0.090990900909909,
    "std_error": 0.7651935106705199,
    "best_R": 11,
    "analytical_cost": 7813.484670932038
  }
}