{
  "individual_sS": {
    "cost": 27018.779891017042,
    "S_levels": [
      58,
      54,
      58,
      58,
      58,
      41,
      41,
      41,
      48,
      41,
      41,
      41
    ],
    "ordering_frequency": 0.12206326367363263,
    "s_levels": [
      -1,
      -1,
      -1,
      -1,
      -1,
      -1,
      -1,
      -1,
      -1,
      -1,
      -1,
      -1
    ],
    "std_error": 2.4262512873734217,
    "best_alpha": 0.85
  },
  "aggregate_QS": {
    "average_weeks_between_orders": 25.02886164853132,
    "cost": 12466.512490787181,
    "S_levels": [
      23,
      21,
      23,
      23,
      23,
      13,
      13,
      13,
      17,
      13,
      13,
      13
    ],
    "ordering_frequency": 0.03995387461253874,
    "best_Q": 162,
    "std_error": 1.2281455749072696,
    "analytical_cost": 12462.78233365213
  },
  "hybrid_RQS": {
    "average_weeks_between_orders": 25.02772794977337,
    "cost": 12466.56425066273,
    "S_levels": [
      23,
      21,
      23,
      23,
      23,
      13,
      13,
      13,
      17,
      13,
      13,
      13
    ],
    "ordering_frequency": 0.039955684431556844,
    "best_Q": 162,
    "std_error": 1.227862507202826,
    "best_R": 31,
    "analytical_cost": 12461.03440108543
  },
  "can_order": {
    "average_weeks_between_orders": 25.15545143357902,
    "cost": 13045.773924876232,
    "best_omega": 0.2,
    "ordering_frequency": 0.039752814718528144,
    "S_levels": [
      25,
      23,
      25,
      25,
      25,
      17,
      17,
      17,
      21,
      17,
      17,
      17
    ],
    "s_levels": [
      0,
      0,
      0,
      0,
      0,
      0,
      0,
      0,
      0,
      0,
      0,
      0
    ],
    "std_error": 1.0615856530297814,
    "best_alpha": 0.15
  },
  "instance_name": "12D_CaseLMH",
  "timestamp": "2026-04-07T23:49:28.923",
  "search_settings": {
    "iterations": 10000,
    "seed": 777,
    "time_horizon": 10000
  },
  "periodic_RS": {
    "cost": 12641.753797094858,
    "S_levels": [
      24,
      21,
      24,
      24,
      24,
      13,
      13,
      13,
      17,
      13,
      13,
      13
    ],
    "ordering_frequency": 0.040095990400959916,
    "std_error": 1.2777572140759887,
    "best_R": 25,
    "analytical_cost": 12641.943589771883
  }
}