{
  "individual_sS": {
    "cost": 12225.45710526171,
    "S_levels": [
      23,
      21,
      23,
      23,
      23,
      16,
      16,
      16,
      19,
      16,
      16,
      16
    ],
    "ordering_frequency": 0.24863045695430455,
    "s_levels": [
      -4,
      -4,
      -4,
      -4,
      -4,
      -3,
      -3,
      -3,
      -4,
      -3,
      -3,
      -3
    ],
    "std_error": 0.965417159053368,
    "best_alpha": 0.8
  },
  "aggregate_QS": {
    "average_weeks_between_orders": 13.226535331486652,
    "cost": 6231.2921488550755,
    "S_levels": [
      9,
      8,
      9,
      9,
      9,
      5,
      5,
      5,
      7,
      5,
      5,
      5
    ],
    "ordering_frequency": 0.0756055894410559,
    "best_Q": 84,
    "std_error": 0.4175614499507887,
    "analytical_cost": 6230.648316859786
  },
  "hybrid_RQS": {
    "average_weeks_between_orders": 13.223850796987909,
    "cost": 6231.355134621372,
    "S_levels": [
      9,
      8,
      9,
      9,
      9,
      5,
      5,
      5,
      7,
      5,
      5,
      5
    ],
    "ordering_frequency": 0.07562093790620937,
    "best_Q": 84,
    "std_error": 0.4175938172751761,
    "best_R": 17,
    "analytical_cost": 6230.276332270483
  },
  "can_order": {
    "average_weeks_between_orders": 10.717011007305807,
    "cost": 6890.770114238465,
    "best_omega": 0.0,
    "ordering_frequency": 0.09330959904009599,
    "S_levels": [
      10,
      9,
      10,
      10,
      10,
      7,
      7,
      7,
      8,
      7,
      7,
      7
    ],
    "s_levels": [
      -2,
      -2,
      -2,
      -2,
      -2,
      -2,
      -2,
      -2,
      -2,
      -2,
      -2,
      -2
    ],
    "std_error": 0.5175197309913367,
    "best_alpha": 0.15
  },
  "instance_name": "12D_CaseLLL",
  "timestamp": "2026-04-07T21:47:24.032",
  "search_settings": {
    "iterations": 10000,
    "seed": 777,
    "time_horizon": 10000
  },
  "periodic_RS": {
    "cost": 6286.387231103712,
    "S_levels": [
      9,
      8,
      9,
      9,
      9,
      5,
      5,
      5,
      7,
      5,
      5,
      5
    ],
    "ordering_frequency": 0.076992300769923,
    "std_error": 0.41509905311585543,
    "best_R": 13,
    "analytical_cost": 6286.44862403308
  }
}