{
  "individual_sS": {
    "cost": 40065.95491200736,
    "S_levels": [
      68,
      64,
      68,
      68,
      68,
      50,
      50,
      50,
      58,
      50,
      50,
      50
    ],
    "ordering_frequency": 0.08534314568543146,
    "s_levels": [
      -1,
      -1,
      -1,
      -1,
      -1,
      -1,
      -1,
      -1,
      -1,
      -1,
      -1,
      -1
    ],
    "std_error": 11.395092634825616,
    "best_alpha": 0.85
  },
  "aggregate_QS": {
    "average_weeks_between_orders": 17.492724628727807,
    "cost": 34621.618295456,
    "S_levels": [
      40,
      38,
      40,
      40,
      40,
      27,
      26,
      27,
      32,
      27,
      27,
      26
    ],
    "ordering_frequency": 0.057166623337666235,
    "best_Q": 97,
    "std_error": 13.198368054155559,
    "analytical_cost": 34597.917303094706
  },
  "hybrid_RQS": {
    "average_weeks_between_orders": 17.492666495605494,
    "cost": 34621.77550841819,
    "S_levels": [
      40,
      38,
      40,
      40,
      40,
      27,
      26,
      27,
      32,
      27,
      27,
      26
    ],
    "ordering_frequency": 0.05716681331866813,
    "best_Q": 97,
    "std_error": 13.196420367523963,
    "best_R": 62,
    "analytical_cost": 34597.917303094706
  },
  "can_order": {
    "average_weeks_between_orders": 20.472084089274745,
    "cost": 30493.68981028285,
    "best_omega": 0.0,
    "ordering_frequency": 0.04884700529947005,
    "S_levels": [
      45,
      43,
      45,
      45,
      45,
      33,
      33,
      33,
      38,
      33,
      33,
      33
    ],
    "s_levels": [
      -1,
      -1,
      -1,
      -1,
      -1,
      -1,
      -1,
      -1,
      -1,
      -1,
      -1,
      -1
    ],
    "std_error": 10.943703550466468,
    "best_alpha": 0.4
  },
  "instance_name": "12D_CaseHHH",
  "timestamp": "2026-04-08T11:01:48.652",
  "search_settings": {
    "iterations": 10000,
    "seed": 777,
    "time_horizon": 10000
  },
  "periodic_RS": {
    "cost": 45189.3312879287,
    "S_levels": [
      66,
      58,
      66,
      66,
      66,
      33,
      33,
      33,
      46,
      33,
      33,
      33
    ],
    "ordering_frequency": 0.05559438056194376,
    "std_error": 24.83252489399691,
    "best_R": 18,
    "analytical_cost": 45200.34436990754
  }
}