{
  "individual_sS": {
    "cost": 25319.964462613687,
    "S_levels": [
      55,
      51,
      55,
      55,
      55,
      38,
      38,
      38,
      46,
      38,
      38,
      38
    ],
    "ordering_frequency": 0.11112489751024895,
    "s_levels": [
      -11,
      -10,
      -11,
      -11,
      -11,
      -8,
      -8,
      -8,
      -9,
      -8,
      -8,
      -8
    ],
    "std_error": 2.313490173281305,
    "best_alpha": 0.9
  },
  "aggregate_QS": {
    "average_weeks_between_orders": 30.018114120459664,
    "cost": 10157.6053663004,
    "S_levels": [
      20,
      17,
      20,
      20,
      20,
      10,
      10,
      10,
      14,
      10,
      10,
      10
    ],
    "ordering_frequency": 0.033313218678132174,
    "best_Q": 195,
    "std_error": 0.6547440867176395,
    "analytical_cost": 10156.805755571222
  },
  "hybrid_RQS": {
    "average_weeks_between_orders": 30.0174473974324,
    "cost": 10157.627153421574,
    "S_levels": [
      20,
      17,
      20,
      20,
      20,
      10,
      10,
      10,
      14,
      10,
      10,
      10
    ],
    "ordering_frequency": 0.03331395860413957,
    "best_Q": 195,
    "std_error": 0.6549719526118887,
    "best_R": 37,
    "analytical_cost": 10156.46896639675
  },
  "can_order": {
    "average_weeks_between_orders": 32.19854470691146,
    "cost": 11744.194214854446,
    "best_omega": 0.3,
    "ordering_frequency": 0.031057304269573045,
    "S_levels": [
      26,
      24,
      26,
      26,
      26,
      18,
      18,
      18,
      21,
      18,
      18,
      18
    ],
    "s_levels": [
      -5,
      -5,
      -5,
      -5,
      -5,
      -4,
      -4,
      -4,
      -4,
      -4,
      -4,
      -4
    ],
    "std_error": 0.9992366863514438,
    "best_alpha": 0.2
  },
  "instance_name": "12D_CaseLML",
  "timestamp": "2026-04-07T23:18:58.330",
  "search_settings": {
    "iterations": 10000,
    "seed": 777,
    "time_horizon": 10000
  },
  "periodic_RS": {
    "cost": 10226.74078775942,
    "S_levels": [
      20,
      17,
      20,
      20,
      20,
      10,
      10,
      10,
      14,
      10,
      10,
      10
    ],
    "ordering_frequency": 0.033396660333966606,
    "std_error": 0.6624808337414732,
    "best_R": 30,
    "analytical_cost": 10226.610304483123
  }
}