{
  "individual_sS": {
    "cost": 38394.400975267425,
    "S_levels": [
      63,
      60,
      63,
      63,
      63,
      48,
      48,
      48,
      55,
      48,
      48,
      48
    ],
    "ordering_frequency": 0.08734236576342366,
    "s_levels": [
      -3,
      -3,
      -3,
      -3,
      -3,
      -2,
      -2,
      -2,
      -3,
      -2,
      -2,
      -2
    ],
    "std_error": 10.573494133671092,
    "best_alpha": 0.85
  },
  "aggregate_QS": {
    "average_weeks_between_orders": 18.70487665928397,
    "cost": 30360.5914195393,
    "S_levels": [
      32,
      30,
      32,
      32,
      32,
      21,
      21,
      21,
      26,
      20,
      20,
      20
    ],
    "ordering_frequency": 0.05346199380061994,
    "best_Q": 105,
    "std_error": 11.003871868288796,
    "analytical_cost": 30353.211018212514
  },
  "hybrid_RQS": {
    "average_weeks_between_orders": 18.70486966253804,
    "cost": 30360.59033452123,
    "S_levels": [
      32,
      30,
      32,
      32,
      32,
      21,
      21,
      21,
      26,
      20,
      20,
      20
    ],
    "ordering_frequency": 0.05346201379862014,
    "best_Q": 105,
    "std_error": 11.003876465758887,
    "best_R": 71,
    "analytical_cost": 30353.211018212514
  },
  "can_order": {
    "average_weeks_between_orders": 18.64768224095878,
    "cost": 29112.46053648104,
    "best_omega": 0.0,
    "ordering_frequency": 0.05362596740325968,
    "S_levels": [
      40,
      38,
      40,
      40,
      40,
      30,
      30,
      30,
      35,
      30,
      30,
      30
    ],
    "s_levels": [
      -2,
      -2,
      -2,
      -2,
      -2,
      -2,
      -2,
      -2,
      -2,
      -2,
      -2,
      -2
    ],
    "std_error": 10.448828968030691,
    "best_alpha": 0.4
  },
  "instance_name": "12D_CaseHHM",
  "timestamp": "2026-04-08T10:21:43.570",
  "search_settings": {
    "iterations": 10000,
    "seed": 777,
    "time_horizon": 10000
  },
  "periodic_RS": {
    "cost": 37956.77262322371,
    "S_levels": [
      50,
      44,
      50,
      50,
      50,
      25,
      25,
      25,
      35,
      25,
      25,
      25
    ],
    "ordering_frequency": 0.05009498050194977,
    "std_error": 18.197795182257003,
    "best_R": 20,
    "analytical_cost": 37973.1971428129
  }
}