{
  "individual_sS": {
    "cost": 115911.52230705332,
    "S_levels": [
      71,
      71,
      71,
      71,
      71,
      71,
      71,
      71,
      71,
      71,
      71,
      71,
      71,
      71,
      71,
      36,
      36,
      36,
      36,
      36,
      36,
      36,
      36,
      36,
      36,
      36,
      36,
      36,
      36,
      36,
      18,
      18,
      18,
      18,
      18,
      18,
      18,
      18,
      18,
      18,
      18,
      18,
      18,
      18,
      18,
      18,
      18,
      18,
      18,
      18
    ],
    "ordering_frequency": 0.38618425157484254,
    "s_levels": [
      -3,
      -3,
      -3,
      -3,
      -3,
      -3,
      -3,
      -3,
      -3,
      -3,
      -3,
      -3,
      -3,
      -3,
      -3,
      -2,
      -2,
      -2,
      -2,
      -2,
      -2,
      -2,
      -2,
      -2,
      -2,
      -2,
      -2,
      -2,
      -2,
      -2,
      -1,
      -1,
      -1,
      -1,
      -1,
      -1,
      -1,
      -1,
      -1,
      -1,
      -1,
      -1,
      -1,
      -1,
      -1,
      -1,
      -1,
      -1,
      -1,
      -1
    ],
    "std_error": 15.167065715799037,
    "best_alpha": 0.6
  },
  "aggregate_QS": {
    "average_weeks_between_orders": 6.156532027540339,
    "cost": 76252.62409092468,
    "S_levels": [
      20,
      20,
      20,
      20,
      20,
      20,
      20,
      20,
      20,
      20,
      20,
      20,
      20,
      20,
      19,
      12,
      12,
      12,
      12,
      12,
      12,
      12,
      12,
      12,
      12,
      12,
      12,
      12,
      12,
      12,
      7,
      7,
      7,
      7,
      7,
      7,
      7,
      7,
      7,
      7,
      7,
      7,
      7,
      7,
      7,
      7,
      7,
      7,
      7,
      7
    ],
    "ordering_frequency": 0.16242910708929106,
    "best_Q": 132,
    "std_error": 13.141717300318149,
    "analytical_cost": 76317.25130275983
  },
  "hybrid_RQS": {
    "average_weeks_between_orders": 6.194333606207737,
    "cost": 76257.1269320965,
    "S_levels": [
      20,
      20,
      20,
      20,
      20,
      20,
      20,
      20,
      20,
      20,
      20,
      20,
      20,
      20,
      20,
      12,
      12,
      12,
      12,
      12,
      12,
      12,
      12,
      12,
      12,
      12,
      12,
      12,
      12,
      12,
      7,
      7,
      7,
      7,
      7,
      7,
      7,
      7,
      7,
      7,
      7,
      7,
      7,
      7,
      7,
      7,
      7,
      7,
      7,
      7
    ],
    "ordering_frequency": 0.16143786621337866,
    "best_Q": 133,
    "std_error": 13.164226313772042,
    "best_R": 20,
    "analytical_cost": 76334.27430435632
  },
  "can_order": {
    "average_weeks_between_orders": 5.247714035738187,
    "cost": 89009.338038105,
    "best_omega": 0.2,
    "ordering_frequency": 0.19055916408359164,
    "S_levels": [
      55,
      55,
      55,
      55,
      55,
      55,
      55,
      55,
      55,
      55,
      55,
      55,
      55,
      55,
      55,
      28,
      28,
      28,
      28,
      28,
      28,
      28,
      28,
      28,
      28,
      28,
      28,
      28,
      28,
      28,
      14,
      14,
      14,
      14,
      14,
      14,
      14,
      14,
      14,
      14,
      14,
      14,
      14,
      14,
      14,
      14,
      14,
      14,
      14,
      14
    ],
    "s_levels": [
      -3,
      -3,
      -3,
      -3,
      -3,
      -3,
      -3,
      -3,
      -3,
      -3,
      -3,
      -3,
      -3,
      -3,
      -3,
      -2,
      -2,
      -2,
      -2,
      -2,
      -2,
      -2,
      -2,
      -2,
      -2,
      -2,
      -2,
      -2,
      -2,
      -2,
      -1,
      -1,
      -1,
      -1,
      -1,
      -1,
      -1,
      -1,
      -1,
      -1,
      -1,
      -1,
      -1,
      -1,
      -1,
      -1,
      -1,
      -1,
      -1,
      -1
    ],
    "std_error": 15.039948957421561,
    "best_alpha": 0.4
  },
  "instance_name": "50D_CaseHM",
  "timestamp": "2026-04-12T00:01:33.440",
  "search_settings": {
    "iterations": 10000,
    "seed": 777,
    "time_horizon": 10000
  },
  "periodic_RS": {
    "cost": 84009.30910923361,
    "S_levels": [
      26,
      26,
      26,
      26,
      26,
      26,
      26,
      26,
      26,
      26,
      26,
      26,
      26,
      26,
      26,
      13,
      13,
      13,
      13,
      13,
      13,
      13,
      13,
      13,
      13,
      13,
      13,
      13,
      13,
      13,
      7,
      7,
      7,
      7,
      7,
      7,
      7,
      7,
      7,
      7,
      7,
      7,
      7,
      7,
      7,
      7,
      7,
      7,
      7,
      7
    ],
    "ordering_frequency": 0.16668333166683338,
    "std_error": 14.813104957134799,
    "best_R": 6,
    "analytical_cost": 84018.86642239505
  }
}