{
  "individual_sS": {
    "cost": 27469.339360514306,
    "S_levels": [
      54,
      50,
      54,
      54,
      54,
      39,
      39,
      39,
      45,
      39,
      39,
      39
    ],
    "ordering_frequency": 0.11988213178682133,
    "s_levels": [
      -2,
      -2,
      -2,
      -2,
      -2,
      -2,
      -2,
      -2,
      -2,
      -2,
      -2,
      -2
    ],
    "std_error": 4.165581885988725,
    "best_alpha": 0.85
  },
  "aggregate_QS": {
    "average_weeks_between_orders": 20.255280124792456,
    "cost": 17725.427871027423,
    "S_levels": [
      28,
      25,
      28,
      28,
      27,
      15,
      15,
      15,
      20,
      15,
      15,
      15
    ],
    "ordering_frequency": 0.049369843015698425,
    "best_Q": 127,
    "std_error": 4.292318973927884,
    "analytical_cost": 17740.833268396782
  },
  "hybrid_RQS": {
    "average_weeks_between_orders": 20.254849386835627,
    "cost": 17725.421752474842,
    "S_levels": [
      28,
      25,
      28,
      28,
      27,
      15,
      15,
      15,
      20,
      15,
      15,
      15
    ],
    "ordering_frequency": 0.049370892910708924,
    "best_Q": 127,
    "std_error": 4.29271577057522,
    "best_R": 39,
    "analytical_cost": 17740.687364867805
  },
  "can_order": {
    "average_weeks_between_orders": 18.04208472762153,
    "cost": 17511.03587139103,
    "best_omega": 0.0,
    "ordering_frequency": 0.05542596740325967,
    "S_levels": [
      29,
      27,
      29,
      29,
      29,
      20,
      20,
      20,
      24,
      20,
      20,
      20
    ],
    "s_levels": [
      -1,
      -1,
      -1,
      -1,
      -1,
      -1,
      -1,
      -1,
      -1,
      -1,
      -1,
      -1
    ],
    "std_error": 3.631894036971238,
    "best_alpha": 0.25
  },
  "instance_name": "12D_CaseMMM",
  "timestamp": "2026-04-08T04:12:41.596",
  "search_settings": {
    "iterations": 10000,
    "seed": 777,
    "time_horizon": 10000
  },
  "periodic_RS": {
    "cost": 19032.253015453367,
    "S_levels": [
      31,
      27,
      31,
      31,
      31,
      15,
      15,
      15,
      22,
      15,
      15,
      15
    ],
    "ordering_frequency": 0.05009499050094987,
    "std_error": 5.264534278452906,
    "best_R": 20,
    "analytical_cost": 19038.78093407185
  }
}