{
  "individual_sS": {
    "cost": 4651.448924829476,
    "S_levels": [
      57,
      41
    ],
    "ordering_frequency": 0.02052748725127488,
    "s_levels": [
      -2,
      -2
    ],
    "std_error": 1.5552464507571744,
    "best_alpha": 0.95
  },
  "aggregate_QS": {
    "average_weeks_between_orders": 61.54624399291798,
    "cost": 4286.403065909469,
    "S_levels": [
      48,
      31
    ],
    "ordering_frequency": 0.01624794520547945,
    "best_Q": 67,
    "std_error": 2.019442173058015,
    "analytical_cost": 4287.8081854424145
  },
  "hybrid_RQS": {
    "average_weeks_between_orders": 61.54624399291798,
    "cost": 4286.403065909469,
    "S_levels": [
      48,
      31
    ],
    "ordering_frequency": 0.01624794520547945,
    "best_Q": 67,
    "std_error": 2.019442173058015,
    "best_R": 1000,
    "analytical_cost": 4287.8081854424145
  },
  "mdp": {
    "cost": 3927.693554426594,
    "ordering_frequency": 0.01596294370562944,
    "std_error": 1.5108701649457277
  },
  "can_order": {
    "average_weeks_between_orders": 62.78631621175204,
    "cost": 3974.613682156235,
    "best_omega": 0.2,
    "ordering_frequency": 0.015927037296270374,
    "S_levels": [
      47,
      34
    ],
    "s_levels": [
      -2,
      -2
    ],
    "std_error": 1.5221817616217712,
    "best_alpha": 0.65
  },
  "instance_name": "2D_CaseMHM",
  "timestamp": "2026-05-12T16:49:12.746",
  "search_settings": {
    "iterations": 10000,
    "seed": 777,
    "time_horizon": 10000
  },
  "periodic_RS": {
    "cost": 5464.662279994031,
    "S_levels": [
      62,
      31
    ],
    "ordering_frequency": 0.018198180181981796,
    "std_error": 4.041880262795551,
    "best_R": 55,
    "analytical_cost": 5466.360265903762
  }
}