{
  "individual_sS": {
    "cost": 12246.638208266357,
    "S_levels": [
      18,
      17,
      18,
      18,
      18,
      14,
      14,
      14,
      16,
      14,
      14,
      14
    ],
    "ordering_frequency": 0.2506155584441556,
    "s_levels": [
      -4,
      -4,
      -4,
      -4,
      -4,
      -3,
      -3,
      -3,
      -4,
      -3,
      -3,
      -3
    ],
    "std_error": 1.8563473394257406,
    "best_alpha": 0.75
  },
  "aggregate_QS": {
    "average_weeks_between_orders": 9.052539214167906,
    "cost": 8183.510429889646,
    "S_levels": [
      7,
      6,
      7,
      7,
      7,
      4,
      4,
      4,
      5,
      4,
      4,
      4
    ],
    "ordering_frequency": 0.11046624337566245,
    "best_Q": 53,
    "std_error": 1.4643086565794852,
    "analytical_cost": 8185.249218065502
  },
  "hybrid_RQS": {
    "average_weeks_between_orders": 9.052514632153,
    "cost": 8183.515529117957,
    "S_levels": [
      7,
      6,
      7,
      7,
      7,
      4,
      4,
      4,
      5,
      4,
      4,
      4
    ],
    "ordering_frequency": 0.11046654334566544,
    "best_Q": 53,
    "std_error": 1.4642449540152307,
    "best_R": 25,
    "analytical_cost": 8185.232105973074
  },
  "can_order": {
    "average_weeks_between_orders": 7.58287040115515,
    "cost": 9420.051747344756,
    "best_omega": 0.3,
    "ordering_frequency": 0.13187618238176183,
    "S_levels": [
      13,
      12,
      13,
      13,
      13,
      10,
      10,
      10,
      11,
      10,
      10,
      10
    ],
    "s_levels": [
      -3,
      -3,
      -3,
      -3,
      -3,
      -3,
      -3,
      -3,
      -3,
      -3,
      -3,
      -3
    ],
    "std_error": 1.736890016877494,
    "best_alpha": 0.45
  },
  "instance_name": "12D_CaseMLL",
  "timestamp": "2026-04-07T23:53:38.714",
  "search_settings": {
    "iterations": 10000,
    "seed": 777,
    "time_horizon": 10000
  },
  "periodic_RS": {
    "cost": 8763.034527372347,
    "S_levels": [
      8,
      7,
      8,
      8,
      8,
      4,
      4,
      4,
      5,
      4,
      4,
      4
    ],
    "ordering_frequency": 0.11118887111288864,
    "std_error": 1.6091954435708207,
    "best_R": 9,
    "analytical_cost": 8762.905464093525
  }
}