{
  "individual_sS": {
    "cost": 14810.354805308505,
    "S_levels": [
      25,
      23,
      25,
      25,
      25,
      17,
      17,
      17,
      20,
      17,
      17,
      17
    ],
    "ordering_frequency": 0.2423888411158884,
    "s_levels": [
      1,
      0,
      1,
      1,
      1,
      0,
      0,
      0,
      0,
      0,
      0,
      0
    ],
    "std_error": 2.520673559854797,
    "best_alpha": 0.7
  },
  "aggregate_QS": {
    "average_weeks_between_orders": 6.476933090256753,
    "cost": 12727.427003024502,
    "S_levels": [
      16,
      14,
      16,
      16,
      16,
      9,
      9,
      9,
      12,
      9,
      9,
      9
    ],
    "ordering_frequency": 0.1543940605939406,
    "best_Q": 36,
    "std_error": 2.7223908081719475,
    "analytical_cost": 12731.427159078781
  },
  "hybrid_RQS": {
    "average_weeks_between_orders": 6.476885271636721,
    "cost": 12727.459891510318,
    "S_levels": [
      16,
      14,
      16,
      16,
      16,
      9,
      9,
      9,
      12,
      9,
      9,
      9
    ],
    "ordering_frequency": 0.154395200479952,
    "best_Q": 36,
    "std_error": 2.7220113849244596,
    "best_R": 19,
    "analytical_cost": 12731.407551965982
  },
  "can_order": {
    "average_weeks_between_orders": 7.497412339461779,
    "cost": 11867.46594725461,
    "best_omega": 0.0,
    "ordering_frequency": 0.13337935206479354,
    "S_levels": [
      18,
      16,
      18,
      18,
      18,
      11,
      11,
      11,
      14,
      11,
      11,
      11
    ],
    "s_levels": [
      2,
      2,
      2,
      2,
      2,
      0,
      0,
      0,
      1,
      0,
      0,
      0
    ],
    "std_error": 2.3142232310734094,
    "best_alpha": 0.25
  },
  "instance_name": "12D_CaseMLH",
  "timestamp": "2026-04-08T02:07:05.937",
  "search_settings": {
    "iterations": 10000,
    "seed": 777,
    "time_horizon": 10000
  },
  "periodic_RS": {
    "cost": 14673.485957548242,
    "S_levels": [
      22,
      19,
      22,
      22,
      22,
      11,
      11,
      11,
      15,
      11,
      11,
      11
    ],
    "ordering_frequency": 0.1428856314368564,
    "std_error": 4.169557815148744,
    "best_R": 7,
    "analytical_cost": 14671.652073393052
  }
}