{
  "individual_sS": {
    "cost": 11107.608922739524,
    "S_levels": [
      8,
      8,
      8,
      8,
      8,
      7,
      7,
      7,
      8,
      7,
      7,
      7
    ],
    "ordering_frequency": 0.24700538946105388,
    "s_levels": [
      -4,
      -3,
      -4,
      -4,
      -4,
      -3,
      -3,
      -3,
      -3,
      -3,
      -3,
      -3
    ],
    "std_error": 3.075892188807418,
    "best_alpha": 0.75
  },
  "aggregate_QS": {
    "average_weeks_between_orders": 6.894716011259601,
    "cost": 8422.09918691907,
    "S_levels": [
      2,
      2,
      2,
      2,
      2,
      1,
      1,
      1,
      1,
      1,
      1,
      1
    ],
    "ordering_frequency": 0.14503860613938604,
    "best_Q": 28,
    "std_error": 2.6708953614930255,
    "analytical_cost": 8432.77104005827
  },
  "hybrid_RQS": {
    "average_weeks_between_orders": 6.894625700966827,
    "cost": 8422.120638736209,
    "S_levels": [
      2,
      2,
      2,
      2,
      2,
      1,
      1,
      1,
      1,
      1,
      1,
      1
    ],
    "ordering_frequency": 0.14504050594940504,
    "best_Q": 28,
    "std_error": 2.6709117781120693,
    "best_R": 33,
    "analytical_cost": 8432.736419095338
  },
  "can_order": {
    "average_weeks_between_orders": 5.289997493320856,
    "cost": 10077.728056253494,
    "best_omega": 0.4,
    "ordering_frequency": 0.18903600639936008,
    "S_levels": [
      8,
      8,
      8,
      8,
      8,
      7,
      7,
      7,
      8,
      7,
      7,
      7
    ],
    "s_levels": [
      -4,
      -3,
      -4,
      -4,
      -4,
      -3,
      -3,
      -3,
      -3,
      -3,
      -3,
      -3
    ],
    "std_error": 3.085412271365292,
    "best_alpha": 0.75
  },
  "instance_name": "12D_CaseHLL",
  "timestamp": "2026-04-08T03:19:32.232",
  "search_settings": {
    "iterations": 10000,
    "seed": 777,
    "time_horizon": 10000
  },
  "periodic_RS": {
    "cost": 10364.376644795926,
    "S_levels": [
      2,
      1,
      2,
      2,
      2,
      1,
      1,
      1,
      1,
      1,
      1,
      1
    ],
    "ordering_frequency": 0.16524565543445655,
    "std_error": 3.3994168227087362,
    "best_R": 6,
    "analytical_cost": 10396.286935629047
  }
}