{
  "individual_sS": {
    "cost": 152478.10727963096,
    "S_levels": [
      107,
      107,
      107,
      107,
      107,
      107,
      107,
      107,
      107,
      107,
      107,
      107,
      107,
      107,
      107,
      53,
      53,
      53,
      53,
      53,
      53,
      53,
      53,
      53,
      53,
      53,
      53,
      53,
      53,
      53,
      27,
      27,
      27,
      27,
      27,
      27,
      27,
      27,
      27,
      27,
      27,
      27,
      27,
      27,
      27,
      27,
      27,
      27,
      27,
      27
    ],
    "ordering_frequency": 0.2965393360663933,
    "s_levels": [
      -5,
      -5,
      -5,
      -5,
      -5,
      -5,
      -5,
      -5,
      -5,
      -5,
      -5,
      -5,
      -5,
      -5,
      -5,
      -3,
      -3,
      -3,
      -3,
      -3,
      -3,
      -3,
      -3,
      -3,
      -3,
      -3,
      -3,
      -3,
      -3,
      -3,
      -2,
      -2,
      -2,
      -2,
      -2,
      -2,
      -2,
      -2,
      -2,
      -2,
      -2,
      -2,
      -2,
      -2,
      -2,
      -2,
      -2,
      -2,
      -2,
      -2
    ],
    "std_error": 20.286674456524253,
    "best_alpha": 0.7
  },
  "aggregate_QS": {
    "average_weeks_between_orders": 8.842120712055515,
    "cost": 90460.97169652229,
    "S_levels": [
      27,
      28,
      28,
      28,
      28,
      28,
      28,
      28,
      27,
      28,
      28,
      28,
      28,
      28,
      28,
      16,
      17,
      16,
      17,
      16,
      16,
      16,
      16,
      16,
      16,
      16,
      16,
      16,
      16,
      17,
      9,
      9,
      9,
      9,
      9,
      9,
      9,
      9,
      9,
      9,
      9,
      9,
      9,
      9,
      9,
      9,
      9,
      9,
      9,
      9
    ],
    "ordering_frequency": 0.11309504049595039,
    "best_Q": 203,
    "std_error": 16.492697324656948,
    "analytical_cost": 90483.92077504304
  },
  "hybrid_RQS": {
    "average_weeks_between_orders": 8.879601359970303,
    "cost": 90470.65954957787,
    "S_levels": [
      27,
      28,
      28,
      28,
      28,
      28,
      28,
      29,
      28,
      28,
      28,
      28,
      28,
      28,
      28,
      16,
      17,
      16,
      17,
      16,
      17,
      16,
      16,
      16,
      16,
      17,
      16,
      16,
      16,
      17,
      9,
      9,
      9,
      9,
      9,
      9,
      9,
      9,
      9,
      9,
      9,
      9,
      9,
      9,
      9,
      9,
      9,
      9,
      9,
      9
    ],
    "ordering_frequency": 0.11261766823317666,
    "best_Q": 204,
    "std_error": 16.49230017651714,
    "best_R": 21,
    "analytical_cost": 90484.84243256325
  },
  "can_order": {
    "average_weeks_between_orders": 6.7769449971055185,
    "cost": 106554.5449141027,
    "best_omega": 0.0,
    "ordering_frequency": 0.14755911408859113,
    "S_levels": [
      64,
      64,
      64,
      64,
      64,
      64,
      64,
      64,
      64,
      64,
      64,
      64,
      64,
      64,
      64,
      32,
      32,
      32,
      32,
      32,
      32,
      32,
      32,
      32,
      32,
      32,
      32,
      32,
      32,
      32,
      16,
      16,
      16,
      16,
      16,
      16,
      16,
      16,
      16,
      16,
      16,
      16,
      16,
      16,
      16,
      16,
      16,
      16,
      16,
      16
    ],
    "s_levels": [
      -3,
      -3,
      -3,
      -3,
      -3,
      -3,
      -3,
      -3,
      -3,
      -3,
      -3,
      -3,
      -3,
      -3,
      -3,
      -2,
      -2,
      -2,
      -2,
      -2,
      -2,
      -2,
      -2,
      -2,
      -2,
      -2,
      -2,
      -2,
      -2,
      -2,
      -1,
      -1,
      -1,
      -1,
      -1,
      -1,
      -1,
      -1,
      -1,
      -1,
      -1,
      -1,
      -1,
      -1,
      -1,
      -1,
      -1,
      -1,
      -1,
      -1
    ],
    "std_error": 20.40211793335465,
    "best_alpha": 0.3
  },
  "instance_name": "50D_CaseHH",
  "timestamp": "2026-04-09T08:02:32.760",
  "search_settings": {
    "iterations": 10000,
    "seed": 777,
    "time_horizon": 10000
  },
  "periodic_RS": {
    "cost": 98012.81044622476,
    "S_levels": [
      35,
      35,
      35,
      35,
      35,
      35,
      35,
      35,
      35,
      35,
      35,
      35,
      35,
      35,
      35,
      18,
      18,
      18,
      18,
      18,
      18,
      18,
      18,
      18,
      18,
      18,
      18,
      18,
      18,
      18,
      9,
      9,
      9,
      9,
      9,
      9,
      9,
      9,
      9,
      9,
      9,
      9,
      9,
      9,
      9,
      9,
      9,
      9,
      9,
      9
    ],
    "ordering_frequency": 0.11118888111188874,
    "std_error": 18.867919105451154,
    "best_R": 9,
    "analytical_cost": 98022.7805722437
  }
}