{
  "individual_sS": {
    "cost": 28089.775502390723,
    "S_levels": [
      56,
      52,
      56,
      56,
      56,
      39,
      39,
      39,
      47,
      39,
      39,
      39
    ],
    "ordering_frequency": 0.11982731726827317,
    "s_levels": [
      -1,
      -1,
      -1,
      -1,
      -1,
      -1,
      -1,
      -1,
      -1,
      -1,
      -1,
      -1
    ],
    "std_error": 4.344549916995656,
    "best_alpha": 0.85
  },
  "aggregate_QS": {
    "average_weeks_between_orders": 18.439829293755093,
    "cost": 19614.700689029873,
    "S_levels": [
      31,
      28,
      31,
      31,
      31,
      17,
      17,
      17,
      23,
      17,
      17,
      17
    ],
    "ordering_frequency": 0.05423043695630437,
    "best_Q": 115,
    "std_error": 5.381992065624578,
    "analytical_cost": 19646.208396843587
  },
  "hybrid_RQS": {
    "average_weeks_between_orders": 17.67385178281291,
    "cost": 19630.470818338144,
    "S_levels": [
      30,
      27,
      30,
      30,
      30,
      17,
      17,
      17,
      22,
      17,
      16,
      17
    ],
    "ordering_frequency": 0.05658076192380761,
    "best_Q": 110,
    "std_error": 5.252809364810371,
    "best_R": 30,
    "analytical_cost": 19644.20818912849
  },
  "can_order": {
    "average_weeks_between_orders": 19.644131077679273,
    "cost": 18041.21553360437,
    "best_omega": 0.1,
    "ordering_frequency": 0.05090578942105789,
    "S_levels": [
      32,
      29,
      32,
      32,
      32,
      22,
      22,
      22,
      26,
      22,
      22,
      22
    ],
    "s_levels": [
      0,
      0,
      0,
      0,
      0,
      -1,
      -1,
      -1,
      -1,
      -1,
      -1,
      -1
    ],
    "std_error": 3.6581375522740815,
    "best_alpha": 0.25
  },
  "instance_name": "12D_CaseMMH",
  "timestamp": "2026-04-08T04:42:54.945",
  "search_settings": {
    "iterations": 10000,
    "seed": 777,
    "time_horizon": 10000
  },
  "periodic_RS": {
    "cost": 21343.34030312973,
    "S_levels": [
      37,
      32,
      37,
      37,
      37,
      18,
      18,
      18,
      26,
      18,
      18,
      18
    ],
    "ordering_frequency": 0.05269473052694723,
    "std_error": 7.044477764507531,
    "best_R": 19,
    "analytical_cost": 21351.9732659101
  }
}