{
  "individual_sS": {
    "cost": 27651.656846178852,
    "S_levels": [
      41,
      39,
      41,
      41,
      41,
      32,
      32,
      32,
      36,
      32,
      32,
      32
    ],
    "ordering_frequency": 0.11808162183781622,
    "s_levels": [
      -2,
      -2,
      -2,
      -2,
      -2,
      -2,
      -2,
      -2,
      -2,
      -2,
      -2,
      -2
    ],
    "std_error": 7.694978441160084,
    "best_alpha": 0.85
  },
  "aggregate_QS": {
    "average_weeks_between_orders": 12.166341046833297,
    "cost": 23454.238222675394,
    "S_levels": [
      21,
      20,
      21,
      21,
      21,
      14,
      14,
      15,
      17,
      15,
      14,
      14
    ],
    "ordering_frequency": 0.0821939806019398,
    "best_Q": 62,
    "std_error": 7.8602696566587795,
    "analytical_cost": 23437.321780119837
  },
  "hybrid_RQS": {
    "average_weeks_between_orders": 12.166256684537515,
    "cost": 23454.322001156976,
    "S_levels": [
      21,
      20,
      21,
      21,
      21,
      14,
      14,
      15,
      17,
      15,
      14,
      14
    ],
    "ordering_frequency": 0.08219455054494551,
    "best_Q": 62,
    "std_error": 7.859458504930859,
    "best_R": 48,
    "analytical_cost": 23437.321655790372
  },
  "can_order": {
    "average_weeks_between_orders": 14.694467190021454,
    "cost": 22733.113147095628,
    "best_omega": 0.2,
    "ordering_frequency": 0.06805282471752826,
    "S_levels": [
      33,
      31,
      33,
      33,
      33,
      26,
      26,
      26,
      29,
      26,
      26,
      26
    ],
    "s_levels": [
      -2,
      -2,
      -2,
      -2,
      -2,
      -2,
      -2,
      -2,
      -2,
      -2,
      -2,
      -2
    ],
    "std_error": 7.246957769469178,
    "best_alpha": 0.6
  },
  "instance_name": "12D_CaseHMM",
  "timestamp": "2026-04-08T09:24:22.093",
  "search_settings": {
    "iterations": 10000,
    "seed": 777,
    "time_horizon": 10000
  },
  "periodic_RS": {
    "cost": 31166.612576462947,
    "S_levels": [
      35,
      31,
      35,
      35,
      35,
      18,
      18,
      18,
      24,
      18,
      17,
      17
    ],
    "ordering_frequency": 0.08338542145785427,
    "std_error": 13.66790660445556,
    "best_R": 12,
    "analytical_cost": 31181.079629750584
  }
}