{
  "individual_sS": {
    "cost": 3379.04727428039,
    "S_levels": [
      40,
      29
    ],
    "ordering_frequency": 0.028236546345365463,
    "s_levels": [
      -2,
      -1
    ],
    "std_error": 1.159327776010194,
    "best_alpha": 0.95
  },
  "aggregate_QS": {
    "average_weeks_between_orders": 41.7210202439351,
    "cost": 3226.433898395939,
    "S_levels": [
      33,
      22
    ],
    "ordering_frequency": 0.02396873312668733,
    "best_Q": 44,
    "std_error": 1.4460259844872363,
    "analytical_cost": 3224.491691087705
  },
  "hybrid_RQS": {
    "average_weeks_between_orders": 41.7210202439351,
    "cost": 3226.433898395939,
    "S_levels": [
      33,
      22
    ],
    "ordering_frequency": 0.02396873312668733,
    "best_Q": 44,
    "std_error": 1.4460259844872363,
    "best_R": 1000,
    "analytical_cost": 3224.491691087705
  },
  "mdp": {
    "cost": 2934.4888949044057,
    "ordering_frequency": 0.02282701729827017,
    "std_error": 1.1359551883137795
  },
  "can_order": {
    "average_weeks_between_orders": 42.98303371423955,
    "cost": 2963.486440533539,
    "best_omega": 0.1,
    "ordering_frequency": 0.02326499350064993,
    "S_levels": [
      33,
      23
    ],
    "s_levels": [
      -1,
      -1
    ],
    "std_error": 1.1437596554177172,
    "best_alpha": 0.65
  },
  "instance_name": "2D_CaseMMM",
  "timestamp": "2026-05-12T16:26:40.521",
  "search_settings": {
    "iterations": 10000,
    "seed": 777,
    "time_horizon": 10000
  },
  "periodic_RS": {
    "cost": 4331.549758488067,
    "S_levels": [
      48,
      24
    ],
    "ordering_frequency": 0.025697430256974303,
    "std_error": 3.2847862096040275,
    "best_R": 39,
    "analytical_cost": 4332.987452753963
  }
}