{
  "individual_sS": {
    "cost": 29660.22152661423,
    "S_levels": [
      47,
      44,
      47,
      47,
      47,
      34,
      34,
      34,
      40,
      34,
      34,
      34
    ],
    "ordering_frequency": 0.11246178382161784,
    "s_levels": [
      -1,
      -1,
      -1,
      -1,
      -1,
      -1,
      -1,
      -1,
      -1,
      -1,
      -1,
      -1
    ],
    "std_error": 8.842302123352658,
    "best_alpha": 0.85
  },
  "aggregate_QS": {
    "average_weeks_between_orders": 11.246309470863446,
    "cost": 27111.44296973853,
    "S_levels": [
      27,
      26,
      28,
      27,
      27,
      19,
      19,
      19,
      23,
      19,
      19,
      19
    ],
    "ordering_frequency": 0.08891805819418057,
    "best_Q": 56,
    "std_error": 9.359244791709072,
    "analytical_cost": 27126.197547706222
  },
  "hybrid_RQS": {
    "average_weeks_between_orders": 11.245935141506385,
    "cost": 27111.85500469488,
    "S_levels": [
      27,
      26,
      28,
      27,
      27,
      19,
      19,
      19,
      23,
      19,
      19,
      19
    ],
    "ordering_frequency": 0.08892101789821018,
    "best_Q": 56,
    "std_error": 9.358039787806536,
    "best_R": 42,
    "analytical_cost": 27126.013182089293
  },
  "can_order": {
    "average_weeks_between_orders": 14.438962358212738,
    "cost": 24340.987669861108,
    "best_omega": 0.0,
    "ordering_frequency": 0.06925705429457055,
    "S_levels": [
      34,
      32,
      34,
      34,
      34,
      24,
      24,
      24,
      28,
      24,
      24,
      24
    ],
    "s_levels": [
      -1,
      -1,
      -1,
      -1,
      -1,
      -1,
      -1,
      -1,
      -1,
      -1,
      -1,
      -1
    ],
    "std_error": 8.570359712877602,
    "best_alpha": 0.45
  },
  "instance_name": "12D_CaseHMH",
  "timestamp": "2026-04-08T08:58:28.405",
  "search_settings": {
    "iterations": 10000,
    "seed": 777,
    "time_horizon": 10000
  },
  "periodic_RS": {
    "cost": 37805.488376249785,
    "S_levels": [
      50,
      44,
      50,
      50,
      50,
      25,
      25,
      25,
      35,
      25,
      25,
      25
    ],
    "ordering_frequency": 0.09097529247075292,
    "std_error": 19.198017841917334,
    "best_R": 11,
    "analytical_cost": 37826.63109357733
  }
}