{
  "individual_sS": {
    "cost": 25409.706872744544,
    "S_levels": [
      50,
      47,
      50,
      50,
      50,
      36,
      36,
      36,
      43,
      36,
      36,
      36
    ],
    "ordering_frequency": 0.11161658834116588,
    "s_levels": [
      -11,
      -10,
      -11,
      -11,
      -11,
      -8,
      -8,
      -8,
      -9,
      -8,
      -8,
      -8
    ],
    "std_error": 3.891719645111268,
    "best_alpha": 0.9
  },
  "aggregate_QS": {
    "average_weeks_between_orders": 25.549795788128556,
    "cost": 13166.338757220863,
    "S_levels": [
      19,
      17,
      19,
      19,
      18,
      10,
      10,
      10,
      13,
      10,
      10,
      10
    ],
    "ordering_frequency": 0.03913925607439256,
    "best_Q": 162,
    "std_error": 2.4962459132539516,
    "analytical_cost": 13173.827935543626
  },
  "hybrid_RQS": {
    "average_weeks_between_orders": 25.54965871623759,
    "cost": 13166.315170255035,
    "S_levels": [
      19,
      17,
      19,
      19,
      18,
      10,
      10,
      10,
      13,
      10,
      10,
      10
    ],
    "ordering_frequency": 0.039139466053394655,
    "best_Q": 162,
    "std_error": 2.4962759519768634,
    "best_R": 49,
    "analytical_cost": 13173.65737729501
  },
  "can_order": {
    "average_weeks_between_orders": 20.575357013612734,
    "cost": 15658.729455774248,
    "best_omega": 0.2,
    "ordering_frequency": 0.0486018298170183,
    "S_levels": [
      27,
      26,
      27,
      27,
      27,
      20,
      20,
      20,
      23,
      20,
      20,
      20
    ],
    "s_levels": [
      -6,
      -6,
      -6,
      -6,
      -6,
      -5,
      -5,
      -5,
      -5,
      -5,
      -5,
      -5
    ],
    "std_error": 3.2738538211847885,
    "best_alpha": 0.3
  },
  "instance_name": "12D_CaseMML",
  "timestamp": "2026-04-08T04:53:43.438",
  "search_settings": {
    "iterations": 10000,
    "seed": 777,
    "time_horizon": 10000
  },
  "periodic_RS": {
    "cost": 13710.8603848111,
    "S_levels": [
      20,
      18,
      20,
      20,
      20,
      10,
      10,
      10,
      14,
      10,
      10,
      10
    ],
    "ordering_frequency": 0.0384961503849615,
    "std_error": 2.75161290532067,
    "best_R": 26,
    "analytical_cost": 13712.167044053713
  }
}