{
  "individual_sS": {
    "cost": 17711.013393911642,
    "S_levels": [
      21,
      19,
      21,
      21,
      21,
      13,
      13,
      13,
      16,
      13,
      13,
      13
    ],
    "ordering_frequency": 0.1959990600939906,
    "s_levels": [
      0,
      -1,
      0,
      0,
      0,
      -1,
      -1,
      -1,
      -1,
      -1,
      -1,
      -1
    ],
    "std_error": 6.695621424622462,
    "best_alpha": 0.65
  },
  "aggregate_QS": {
    "average_weeks_between_orders": 5.7686127019995,
    "cost": 17217.751787177436,
    "S_levels": [
      14,
      14,
      14,
      14,
      14,
      10,
      10,
      10,
      12,
      10,
      10,
      10
    ],
    "ordering_frequency": 0.17335190480951906,
    "best_Q": 21,
    "std_error": 6.625540017297746,
    "analytical_cost": 17257.26689134444
  },
  "hybrid_RQS": {
    "average_weeks_between_orders": 5.768503234047515,
    "cost": 17217.815930150264,
    "S_levels": [
      14,
      14,
      14,
      14,
      14,
      10,
      10,
      10,
      12,
      10,
      10,
      10
    ],
    "ordering_frequency": 0.17335519448055198,
    "best_Q": 21,
    "std_error": 6.6256552407923595,
    "best_R": 29,
    "analytical_cost": 17257.201753095113
  },
  "can_order": {
    "average_weeks_between_orders": 7.473621501312388,
    "cost": 16383.789994517816,
    "best_omega": 0.1,
    "ordering_frequency": 0.13380393960603937,
    "S_levels": [
      19,
      17,
      19,
      19,
      19,
      12,
      12,
      12,
      15,
      12,
      12,
      12
    ],
    "s_levels": [
      0,
      0,
      0,
      0,
      0,
      -1,
      -1,
      -1,
      -1,
      -1,
      -1,
      -1
    ],
    "std_error": 6.391857687046519,
    "best_alpha": 0.5
  },
  "instance_name": "12D_CaseHLH",
  "timestamp": "2026-04-08T05:03:51.804",
  "search_settings": {
    "iterations": 10000,
    "seed": 777,
    "time_horizon": 10000
  },
  "periodic_RS": {
    "cost": 23948.000431603956,
    "S_levels": [
      17,
      15,
      17,
      17,
      17,
      9,
      9,
      9,
      12,
      8,
      8,
      8
    ],
    "ordering_frequency": 0.3974341665833417,
    "std_error": 8.446263409380503,
    "best_R": 2,
    "analytical_cost": 26089.532284911333
  }
}