{
  "individual_sS": {
    "cost": 3516.4766283236636,
    "S_levels": [
      42,
      29
    ],
    "ordering_frequency": 0.027897650234976493,
    "s_levels": [
      -1,
      -1
    ],
    "std_error": 1.2842571192071268,
    "best_alpha": 0.95
  },
  "aggregate_QS": {
    "average_weeks_between_orders": 40.858080981607124,
    "cost": 3436.0851879872503,
    "S_levels": [
      35,
      25
    ],
    "ordering_frequency": 0.024474962503749625,
    "best_Q": 43,
    "std_error": 1.543629910235922,
    "analytical_cost": 3438.206382432747
  },
  "hybrid_RQS": {
    "average_weeks_between_orders": 40.858080981607124,
    "cost": 3436.0851879872503,
    "S_levels": [
      35,
      25
    ],
    "ordering_frequency": 0.024474962503749625,
    "best_Q": 43,
    "std_error": 1.543629910235922,
    "best_R": 1000,
    "analytical_cost": 3438.206382432747
  },
  "mdp": {
    "cost": 3070.1057965138853,
    "ordering_frequency": 0.022098520147985197,
    "std_error": 1.2306803714039702
  },
  "can_order": {
    "average_weeks_between_orders": 46.04077423631748,
    "cost": 3077.0221906793095,
    "best_omega": 0.1,
    "ordering_frequency": 0.021719878012198778,
    "S_levels": [
      36,
      24
    ],
    "s_levels": [
      -1,
      -1
    ],
    "std_error": 1.234696149336703,
    "best_alpha": 0.65
  },
  "instance_name": "2D_CaseMMH",
  "timestamp": "2026-05-12T16:40:53.607",
  "search_settings": {
    "iterations": 10000,
    "seed": 777,
    "time_horizon": 10000
  },
  "periodic_RS": {
    "cost": 4810.343974661426,
    "S_levels": [
      54,
      27
    ],
    "ordering_frequency": 0.027797110288971062,
    "std_error": 4.325520806121716,
    "best_R": 36,
    "analytical_cost": 4811.505375716796
  }
}