{
  "individual_sS": {
    "cost": 3426.2001589955094,
    "S_levels": [
      29,
      22
    ],
    "ordering_frequency": 0.027234146585341467,
    "s_levels": [
      -2,
      -1
    ],
    "std_error": 2.3484702162633764,
    "best_alpha": 0.95
  },
  "aggregate_QS": {
    "average_weeks_between_orders": 35.773638466265616,
    "cost": 3473.4066897513585,
    "S_levels": [
      21,
      18
    ],
    "ordering_frequency": 0.02795354464553544,
    "best_Q": 26,
    "std_error": 2.3960041368952494,
    "analytical_cost": 3488.5559307667977
  },
  "hybrid_RQS": {
    "average_weeks_between_orders": 35.773638466265616,
    "cost": 3473.4066897513585,
    "S_levels": [
      21,
      18
    ],
    "ordering_frequency": 0.02795354464553544,
    "best_Q": 26,
    "std_error": 2.3960041368952494,
    "best_R": 1000,
    "analytical_cost": 3488.5559307667977
  },
  "mdp": {
    "cost": 3210.2398821346487,
    "ordering_frequency": 0.02401878812118788,
    "std_error": 2.307574397502092
  },
  "can_order": {
    "average_weeks_between_orders": 43.93002646519443,
    "cost": 3229.6351820573022,
    "best_omega": 0.2,
    "ordering_frequency": 0.022763473652634734,
    "S_levels": [
      28,
      21
    ],
    "s_levels": [
      -2,
      -1
    ],
    "std_error": 2.2572082083158764,
    "best_alpha": 0.9
  },
  "instance_name": "2D_CaseHMM",
  "timestamp": "2026-05-12T16:30:00.094",
  "search_settings": {
    "iterations": 10000,
    "seed": 777,
    "time_horizon": 10000
  },
  "periodic_RS": {
    "cost": 7042.024723821591,
    "S_levels": [
      52,
      26
    ],
    "ordering_frequency": 0.04480907909209079,
    "std_error": 7.7074469756954445,
    "best_R": 21,
    "analytical_cost": 7209.393257163927
  }
}