{
  "individual_sS": {
    "cost": 12951.651170598063,
    "S_levels": [
      24,
      23,
      24,
      24,
      24,
      17,
      17,
      17,
      20,
      17,
      17,
      17
    ],
    "ordering_frequency": 0.26276540345965405,
    "s_levels": [
      -1,
      -1,
      -1,
      -1,
      -1,
      -1,
      -1,
      -1,
      -1,
      -1,
      -1,
      -1
    ],
    "std_error": 1.0188663233544828,
    "best_alpha": 0.75
  },
  "aggregate_QS": {
    "average_weeks_between_orders": 10.954974517990976,
    "cost": 7290.590394488639,
    "S_levels": [
      11,
      10,
      11,
      11,
      11,
      6,
      6,
      6,
      8,
      6,
      6,
      6
    ],
    "ordering_frequency": 0.09128273172682734,
    "best_Q": 69,
    "std_error": 0.5719219280066872,
    "analytical_cost": 7290.247683783977
  },
  "hybrid_RQS": {
    "average_weeks_between_orders": 11.098482301133423,
    "cost": 7290.981581981501,
    "S_levels": [
      11,
      10,
      11,
      11,
      11,
      6,
      6,
      6,
      8,
      6,
      6,
      6
    ],
    "ordering_frequency": 0.09010240975902406,
    "best_Q": 70,
    "std_error": 0.5844521152240393,
    "best_R": 14,
    "analytical_cost": 7289.959794103773
  },
  "can_order": {
    "average_weeks_between_orders": 9.5054405126798,
    "cost": 7715.511756223792,
    "best_omega": 0.0,
    "ordering_frequency": 0.10520290970902908,
    "S_levels": [
      11,
      10,
      11,
      11,
      11,
      8,
      8,
      8,
      9,
      8,
      8,
      8
    ],
    "s_levels": [
      0,
      0,
      0,
      0,
      0,
      0,
      0,
      0,
      0,
      0,
      0,
      0
    ],
    "std_error": 0.5424290854515887,
    "best_alpha": 0.15
  },
  "instance_name": "12D_CaseLLM",
  "timestamp": "2026-04-07T22:30:01.209",
  "search_settings": {
    "iterations": 10000,
    "seed": 777,
    "time_horizon": 10000
  },
  "periodic_RS": {
    "cost": 7396.610963575548,
    "S_levels": [
      11,
      10,
      11,
      11,
      11,
      6,
      6,
      6,
      8,
      6,
      6,
      6
    ],
    "ordering_frequency": 0.090990900909909,
    "std_error": 0.6290310462954555,
    "best_R": 11,
    "analytical_cost": 7396.232126445811
  }
}