{
  "individual_sS": {
    "cost": 35468.629017877734,
    "S_levels": [
      73,
      68,
      73,
      73,
      73,
      52,
      52,
      52,
      62,
      52,
      52,
      52
    ],
    "ordering_frequency": 0.08043949605039498,
    "s_levels": [
      -15,
      -14,
      -15,
      -15,
      -15,
      -11,
      -11,
      -11,
      -13,
      -11,
      -11,
      -11
    ],
    "std_error": 5.472169565077897,
    "best_alpha": 0.9
  },
  "aggregate_QS": {
    "average_weeks_between_orders": 37.942464488455826,
    "cost": 16528.509065323902,
    "S_levels": [
      27,
      24,
      27,
      27,
      27,
      14,
      14,
      14,
      19,
      14,
      14,
      14
    ],
    "ordering_frequency": 0.02635569443055695,
    "best_Q": 244,
    "std_error": 3.243189774261948,
    "analytical_cost": 16543.211514285988
  },
  "hybrid_RQS": {
    "average_weeks_between_orders": 37.94184551928845,
    "cost": 16528.59559751165,
    "S_levels": [
      27,
      24,
      27,
      27,
      27,
      14,
      14,
      14,
      19,
      14,
      14,
      14
    ],
    "ordering_frequency": 0.026356124387561256,
    "best_Q": 244,
    "std_error": 3.243027667983981,
    "best_R": 63,
    "analytical_cost": 16542.85581844481
  },
  "can_order": {
    "average_weeks_between_orders": 30.24375846362554,
    "cost": 19950.259653511574,
    "best_omega": 0.2,
    "ordering_frequency": 0.033064673532646735,
    "S_levels": [
      36,
      34,
      36,
      36,
      36,
      27,
      27,
      27,
      31,
      27,
      27,
      27
    ],
    "s_levels": [
      -8,
      -7,
      -8,
      -8,
      -8,
      -6,
      -6,
      -6,
      -7,
      -6,
      -6,
      -6
    ],
    "std_error": 4.5981054154571295,
    "best_alpha": 0.25
  },
  "instance_name": "12D_CaseMHL",
  "timestamp": "2026-04-08T07:44:10.555",
  "search_settings": {
    "iterations": 10000,
    "seed": 777,
    "time_horizon": 10000
  },
  "periodic_RS": {
    "cost": 17064.281959737902,
    "S_levels": [
      28,
      25,
      28,
      28,
      28,
      14,
      14,
      14,
      20,
      14,
      14,
      14
    ],
    "ordering_frequency": 0.026397360263973595,
    "std_error": 3.4388861722359096,
    "best_R": 38,
    "analytical_cost": 17067.112821979743
  }
}